Exchange Date,Close,%Chg,Volume
03-Jan-2012,51.163,0.008 ,3186785 
04-Jan-2012,51.530,0.008 ,3606286 
05-Jan-2012,50.597,-0.007 ,2608491 
06-Jan-2012,50.361,-0.003 ,3515135 
09-Jan-2012,50.293,-0.002 ,2995256 
10-Jan-2012,51.036,0.008 ,3044701 
11-Jan-2012,51.205,0.003 ,3458455 
12-Jan-2012,51.318,-0.001 ,4385028 
13-Jan-2012,51.344,0.003 ,2610893 
16-Jan-2012,50.749,-0.011 ,3976135 
17-Jan-2012,51.455,0.007 ,4034049 
18-Jan-2012,51.643,0.000 ,4529154 
19-Jan-2012,51.577,-0.001 ,4262018 
20-Jan-2012,51.965,0.001 ,3836539 
23-Jan-2012,52.103,-0.002 ,2655550 
24-Jan-2012,51.894,0.001 ,3767291 
25-Jan-2012,53.753,0.024 ,14329410 
27-Jan-2012,54.196,0.003 ,6815532 
30-Jan-2012,53.754,-0.002 ,4358230 
31-Jan-2012,53.480,-0.007 ,4077203 
01-Feb-2012,53.654,-0.004 ,5328236 
02-Feb-2012,53.969,0.004 ,3956139 
03-Feb-2012,54.195,-0.002 ,2737583 
06-Feb-2012,54.241,0.005 ,3491023 
07-Feb-2012,54.277,-0.006 ,4198443 
08-Feb-2012,54.002,-0.004 ,4783163 
09-Feb-2012,54.078,0.002 ,4622532 
10-Feb-2012,52.885,-0.011 ,4102707 
13-Feb-2012,53.700,0.008 ,3724561 
14-Feb-2012,53.064,-0.007 ,3974178 
15-Feb-2012,53.451,0.005 ,6688140 
16-Feb-2012,53.329,-0.008 ,7043959 
17-Feb-2012,52.915,-0.003 ,5711601 
20-Feb-2012,52.502,-0.012 ,11632260 
21-Feb-2012,52.465,0.008 ,5886262 
22-Feb-2012,52.512,0.003 ,3841923 
23-Feb-2012,52.720,-0.002 ,2841313 
24-Feb-2012,52.882,0.004 ,5533385 
27-Feb-2012,52.880,-0.005 ,3240025 
28-Feb-2012,52.683,-0.006 ,4265300 
29-Feb-2012,52.747,0.006 ,6193204 
01-Mar-2012,52.698,-0.007 ,3932546 
02-Mar-2012,52.441,0.001 ,1641220 
05-Mar-2012,52.082,-0.001 ,2563772 
06-Mar-2012,50.960,-0.010 ,5262153 
07-Mar-2012,50.162,-0.019 ,4953612 
08-Mar-2012,50.853,0.008 ,7232310 
09-Mar-2012,50.546,0.001 ,5267418 
12-Mar-2012,50.003,-0.005 ,3603506 
13-Mar-2012,50.745,0.011 ,4110701 
14-Mar-2012,50.731,0.009 ,4435797 
15-Mar-2012,51.273,0.004 ,5127400 
16-Mar-2012,51.549,-0.000 ,5498689 
19-Mar-2012,51.740,0.001 ,3433651 
20-Mar-2012,50.961,-0.003 ,3172954 
21-Mar-2012,50.563,-0.006 ,2616992 
22-Mar-2012,50.647,0.008 ,3225149 
23-Mar-2012,51.134,0.003 ,3015502 
26-Mar-2012,51.846,0.007 ,4454312 
27-Mar-2012,51.837,0.008 ,4849018 
28-Mar-2012,52.062,0.010 ,5333518 
29-Mar-2012,52.019,0.001 ,5149415 
30-Mar-2012,51.529,-0.007 ,11962257 
02-Apr-2012,51.707,-0.003 ,3308795 
03-Apr-2012,51.402,0.002 ,3236178 
04-Apr-2012,50.921,-0.003 ,3684334 
05-Apr-2012,51.288,0.003 ,3681608 
10-Apr-2012,50.963,-0.001 ,3018529 
11-Apr-2012,50.822,-0.008 ,3734650 
12-Apr-2012,51.644,0.003 ,3543749 
13-Apr-2012,51.745,0.008 ,3788139 
16-Apr-2012,51.578,-0.002 ,2257701 
17-Apr-2012,51.733,0.000 ,3078931 
18-Apr-2012,52.304,0.014 ,4789821 
19-Apr-2012,52.188,0.000 ,4289543 
20-Apr-2012,52.575,0.003 ,2645770 
23-Apr-2012,52.266,0.000 ,2474546 
24-Apr-2012,52.471,0.004 ,4287846 
26-Apr-2012,53.323,0.010 ,4603268 
27-Apr-2012,53.713,-0.001 ,9067568 
30-Apr-2012,53.876,0.007 ,3848521 
01-May-2012,54.310,0.017 ,6113327 
02-May-2012,54.140,-0.003 ,3059503 
03-May-2012,53.768,0.000 ,3175412 
04-May-2012,53.257,-0.001 ,3124570 
07-May-2012,52.809,-0.011 ,5406515 
08-May-2012,52.394,0.000 ,3728503 
09-May-2012,51.571,-0.008 ,4582599 
10-May-2012,51.981,0.005 ,4309652 
11-May-2012,51.613,-0.002 ,3594987 
14-May-2012,52.299,0.019 ,4785399 
15-May-2012,52.040,-0.003 ,4573423 
16-May-2012,51.032,-0.017 ,5006931 
17-May-2012,50.186,-0.014 ,7654362 
18-May-2012,48.357,-0.032 ,7299981 
21-May-2012,48.913,0.005 ,5277598 
22-May-2012,48.623,0.005 ,4269158 
23-May-2012,47.934,-0.010 ,5032409 
24-May-2012,47.891,-0.002 ,2740704 
25-May-2012,47.265,-0.012 ,8097765 
28-May-2012,48.279,0.011 ,3050326 
29-May-2012,48.842,0.012 ,3936636 
30-May-2012,48.027,-0.003 ,3779648 
31-May-2012,47.792,-0.007 ,5474690 
01-Jun-2012,47.929,0.006 ,3951399 
04-Jun-2012,47.449,-0.013 ,4228872 
05-Jun-2012,48.437,0.019 ,5097692 
06-Jun-2012,49.396,0.001 ,3788651 
07-Jun-2012,50.226,0.020 ,4460960 
08-Jun-2012,49.751,-0.011 ,3835690 
12-Jun-2012,50.364,0.007 ,2872073 
13-Jun-2012,50.004,-0.004 ,3007158 
14-Jun-2012,50.403,-0.001 ,3094059 
15-Jun-2012,51.020,0.006 ,3816372 
18-Jun-2012,51.877,0.013 ,3491011 
19-Jun-2012,52.266,0.001 ,2931267 
20-Jun-2012,52.798,0.010 ,6918154 
21-Jun-2012,51.681,-0.006 ,8793740 
22-Jun-2012,51.719,-0.002 ,3414737 
25-Jun-2012,51.287,-0.003 ,3897819 
26-Jun-2012,51.729,0.003 ,3372758 
27-Jun-2012,52.268,0.009 ,3921954 
28-Jun-2012,52.535,0.009 ,5840979 
29-Jun-2012,54.044,0.009 ,12322163 
02-Jul-2012,54.561,0.008 ,4029682 
03-Jul-2012,54.517,-0.004 ,3954604 
04-Jul-2012,54.735,0.005 ,3389456 
05-Jul-2012,55.055,0.004 ,3631797 
06-Jul-2012,54.917,0.005 ,3985339 
09-Jul-2012,54.613,-0.006 ,2657501 
10-Jul-2012,54.151,-0.006 ,3557484 
11-Jul-2012,54.660,0.003 ,3115045 
12-Jul-2012,53.929,-0.002 ,2739229 
13-Jul-2012,54.678,0.005 ,4184173 
16-Jul-2012,55.069,0.005 ,3438782 
17-Jul-2012,56.302,0.016 ,5786384 
18-Jul-2012,56.941,0.006 ,4040155 
19-Jul-2012,57.944,0.012 ,5909629 
20-Jul-2012,56.862,-0.014 ,4433906 
23-Jul-2012,55.827,-0.007 ,3882601 
24-Jul-2012,55.683,0.001 ,2407405 
25-Jul-2012,56.228,0.001 ,2767304 
26-Jul-2012,57.288,0.010 ,6832240 
27-Jul-2012,58.575,0.014 ,13766123 
30-Jul-2012,59.724,0.018 ,7474581 
31-Jul-2012,60.080,0.006 ,6065229 
01-Aug-2012,59.569,-0.005 ,3759333 
02-Aug-2012,58.879,-0.012 ,6203655 
03-Aug-2012,58.846,-0.011 ,4265392 
06-Aug-2012,59.250,0.007 ,3102608 
07-Aug-2012,59.638,0.008 ,4694158 
08-Aug-2012,60.521,0.014 ,6870727 
09-Aug-2012,59.995,-0.010 ,4910064 
10-Aug-2012,58.837,-0.019 ,5866855 
13-Aug-2012,58.231,-0.004 ,2783129 
14-Aug-2012,57.930,-0.003 ,3584877 
15-Aug-2012,58.546,0.009 ,4728214 
16-Aug-2012,59.630,0.018 ,6939711 
17-Aug-2012,59.413,0.005 ,6906791 
20-Aug-2012,57.952,-0.027 ,29963394 
21-Aug-2012,58.173,0.000 ,5924754 
22-Aug-2012,57.810,-0.008 ,4507970 
23-Aug-2012,57.222,-0.004 ,2738433 
24-Aug-2012,56.799,-0.004 ,2511090 
27-Aug-2012,56.350,-0.005 ,2716277 
28-Aug-2012,56.130,-0.004 ,3997578 
29-Aug-2012,55.886,-0.002 ,3194106 
30-Aug-2012,55.214,-0.006 ,5224235 
31-Aug-2012,56.187,0.014 ,11952726 
03-Sep-2012,56.022,0.005 ,4781297 
04-Sep-2012,55.525,-0.007 ,4232473 
05-Sep-2012,55.287,-0.001 ,4599741 
06-Sep-2012,55.949,0.003 ,3507872 
07-Sep-2012,56.385,-0.002 ,2876402 
10-Sep-2012,55.974,-0.002 ,3201812 
11-Sep-2012,56.183,-0.006 ,3225079 
12-Sep-2012,57.309,0.016 ,5046916 
13-Sep-2012,57.683,-0.001 ,2427758 
14-Sep-2012,57.978,0.005 ,3717860 
17-Sep-2012,57.592,0.000 ,3601355 
18-Sep-2012,57.471,0.000 ,3444835 
19-Sep-2012,57.660,0.001 ,5669309 
20-Sep-2012,57.040,-0.007 ,7717535 
21-Sep-2012,57.359,0.003 ,2980138 
24-Sep-2012,57.072,-0.001 ,5256199 
25-Sep-2012,57.129,0.004 ,3623898 
26-Sep-2012,57.081,0.001 ,2995353 
27-Sep-2012,57.955,0.008 ,4556089 
28-Sep-2012,57.560,-0.001 ,12447407 
01-Oct-2012,57.526,0.001 ,1427308 
02-Oct-2012,57.215,0.003 ,2695026 
03-Oct-2012,56.884,-0.001 ,2354941 
04-Oct-2012,57.583,0.010 ,3167199 
05-Oct-2012,57.567,0.005 ,2683764 
08-Oct-2012,57.320,-0.005 ,2687146 
09-Oct-2012,57.552,0.002 ,3286989 
10-Oct-2012,57.629,-0.001 ,2927928 
11-Oct-2012,57.923,0.002 ,4109469 
12-Oct-2012,57.838,0.002 ,2141426 
15-Oct-2012,58.021,0.001 ,2699187 
16-Oct-2012,58.315,0.003 ,2650272 
17-Oct-2012,58.836,-0.002 ,3849608 
18-Oct-2012,58.813,0.001 ,3690739 
19-Oct-2012,58.393,-0.004 ,3769357 
22-Oct-2012,58.168,-0.003 ,3281023 
23-Oct-2012,58.291,0.008 ,3371988 
24-Oct-2012,58.776,-0.000 ,3561495 
25-Oct-2012,58.951,0.004 ,2413466 
26-Oct-2012,58.647,-0.008 ,10481727 
29-Oct-2012,58.348,-0.001 ,1865162 
30-Oct-2012,59.041,0.009 ,2519043 
31-Oct-2012,59.581,0.008 ,4335242 
01-Nov-2012,59.228,-0.008 ,4265983 
02-Nov-2012,58.949,0.002 ,3737129 
05-Nov-2012,59.145,0.001 ,2415925 
06-Nov-2012,59.622,0.001 ,1513073 
07-Nov-2012,59.816,0.006 ,2905006 
08-Nov-2012,60.186,0.007 ,3365039 
09-Nov-2012,60.743,0.011 ,5388102 
12-Nov-2012,61.596,0.010 ,3376657 
13-Nov-2012,60.894,-0.012 ,4998108 
14-Nov-2012,60.969,0.007 ,3402219 
15-Nov-2012,60.305,-0.007 ,3629303 
16-Nov-2012,59.942,-0.007 ,4393727 
19-Nov-2012,60.201,-0.002 ,3179823 
20-Nov-2012,59.821,-0.004 ,3200937 
21-Nov-2012,59.675,-0.001 ,2548953 
22-Nov-2012,60.612,0.014 ,2660773 
23-Nov-2012,61.317,0.005 ,1978944 
26-Nov-2012,61.531,0.003 ,2626652 
27-Nov-2012,61.527,0.001 ,2859974 
28-Nov-2012,61.448,-0.004 ,3164789 
29-Nov-2012,61.667,0.008 ,3396824 
30-Nov-2012,61.897,0.004 ,17129362 
03-Dec-2012,63.010,0.019 ,4987019 
04-Dec-2012,62.990,-0.005 ,3225204 
05-Dec-2012,63.496,0.010 ,3472752 
06-Dec-2012,62.946,-0.012 ,3269056 
07-Dec-2012,63.488,0.009 ,2438846 
10-Dec-2012,63.503,0.000 ,2091556 
11-Dec-2012,64.178,0.006 ,2114872 
12-Dec-2012,64.229,-0.001 ,2694407 
13-Dec-2012,64.155,0.001 ,2578431 
14-Dec-2012,64.761,0.006 ,3195722 
17-Dec-2012,64.318,-0.006 ,2164457 
18-Dec-2012,64.351,0.003 ,3238373 
19-Dec-2012,63.921,-0.002 ,3420665 
20-Dec-2012,64.114,0.003 ,5948521 
21-Dec-2012,64.126,0.008 ,21761542 
24-Dec-2012,64.213,0.005 ,698832 
27-Dec-2012,64.083,-0.003 ,1483575 
28-Dec-2012,64.205,0.002 ,1250417 
31-Dec-2012,64.274,-0.001 ,1532410 
02-Jan-2013,65.519,0.009 ,1746823 
03-Jan-2013,65.817,0.008 ,1805569 
04-Jan-2013,65.916,0.000 ,1348740 
07-Jan-2013,65.387,-0.010 ,3017947 
08-Jan-2013,64.097,-0.020 ,6530327 
09-Jan-2013,64.195,0.000 ,5568889 
10-Jan-2013,64.923,0.003 ,2691714 
11-Jan-2013,64.296,-0.004 ,2474813 
14-Jan-2013,64.754,0.004 ,1431664 
15-Jan-2013,64.887,0.002 ,2522168 
16-Jan-2013,65.498,0.009 ,3194411 
17-Jan-2013,65.508,0.003 ,4236756 
18-Jan-2013,65.278,0.000 ,2039225 
21-Jan-2013,65.044,-0.004 ,2550768 
22-Jan-2013,65.717,0.005 ,2640501 
23-Jan-2013,65.778,0.002 ,2418094 
24-Jan-2013,65.729,0.009 ,2976648 
25-Jan-2013,65.916,0.006 ,14405015 
29-Jan-2013,67.439,0.018 ,4447741 
30-Jan-2013,67.021,-0.000 ,2771211 
31-Jan-2013,66.807,-0.004 ,3265577 
01-Feb-2013,67.319,0.009 ,2490917 
04-Feb-2013,67.167,-0.005 ,2905365 
05-Feb-2013,66.402,-0.006 ,3440930 
06-Feb-2013,66.325,0.005 ,2436726 
07-Feb-2013,66.133,0.001 ,2090697 
08-Feb-2013,66.524,0.002 ,2770789 
11-Feb-2013,66.413,0.004 ,1858854 
12-Feb-2013,67.154,0.006 ,3043920 
13-Feb-2013,69.211,0.024 ,5302007 
14-Feb-2013,68.914,-0.003 ,4072770 
15-Feb-2013,68.695,0.002 ,5707361 
18-Feb-2013,67.427,-0.019 ,35613031 
19-Feb-2013,68.006,0.004 ,4752225 
20-Feb-2013,68.185,0.012 ,3882913 
21-Feb-2013,66.039,-0.031 ,5189740 
22-Feb-2013,67.269,0.011 ,8169267 
25-Feb-2013,67.076,0.003 ,1827131 
26-Feb-2013,66.588,-0.004 ,4188257 
27-Feb-2013,67.170,0.008 ,1927618 
28-Feb-2013,68.325,0.019 ,7771341 
01-Mar-2013,68.847,0.009 ,3634200 
04-Mar-2013,68.060,-0.011 ,2732872 
05-Mar-2013,70.065,0.023 ,3969646 
06-Mar-2013,70.501,0.009 ,4029309 
07-Mar-2013,71.147,0.005 ,3885559 
08-Mar-2013,71.050,0.002 ,3588982 
11-Mar-2013,71.705,0.004 ,3531402 
12-Mar-2013,72.438,0.006 ,4573025 
13-Mar-2013,71.048,-0.017 ,3779411 
14-Mar-2013,71.125,-0.007 ,4402103 
15-Mar-2013,72.621,0.019 ,5858359 
18-Mar-2013,71.607,-0.014 ,3303155 
19-Mar-2013,71.311,-0.001 ,4171819 
20-Mar-2013,71.359,-0.000 ,4297146 
21-Mar-2013,71.256,-0.007 ,7056832 
22-Mar-2013,71.277,-0.000 ,4156963 
25-Mar-2013,71.812,0.005 ,2844081 
26-Mar-2013,71.216,-0.010 ,2836552 
27-Mar-2013,71.024,0.001 ,2781395 
28-Mar-2013,70.403,-0.005 ,13159681 
02-Apr-2013,71.637,0.014 ,4099780 
03-Apr-2013,71.212,-0.007 ,4616914 
04-Apr-2013,70.671,-0.005 ,2991300 
05-Apr-2013,69.058,-0.017 ,4220184 
08-Apr-2013,69.371,0.001 ,2809991 
09-Apr-2013,70.857,0.014 ,3423498 
10-Apr-2013,70.551,-0.010 ,5486439 
11-Apr-2013,71.364,0.011 ,2169614 
12-Apr-2013,71.111,0.000 ,3187175 
15-Apr-2013,70.259,0.007 ,2988962 
16-Apr-2013,70.402,-0.005 ,2545516 
17-Apr-2013,70.949,0.017 ,3463293 
18-Apr-2013,70.693,-0.004 ,3850568 
19-Apr-2013,70.256,-0.003 ,2439597 
22-Apr-2013,70.817,0.008 ,1909312 
23-Apr-2013,71.450,0.010 ,2771223 
24-Apr-2013,73.274,0.024 ,10457652 
26-Apr-2013,72.416,-0.012 ,2285189 
29-Apr-2013,73.692,0.011 ,1670796 
30-Apr-2013,75.749,0.026 ,4257843 
01-May-2013,74.559,-0.007 ,1494146 
02-May-2013,73.868,-0.006 ,1570739 
03-May-2013,72.895,-0.020 ,2763355 
06-May-2013,73.058,0.009 ,1984514 
07-May-2013,71.186,-0.019 ,3167277 
08-May-2013,72.035,0.013 ,3183226 
09-May-2013,71.307,-0.003 ,2272408 
10-May-2013,70.330,-0.007 ,2143966 
13-May-2013,70.409,0.008 ,2030550 
14-May-2013,70.897,0.013 ,3095416 
15-May-2013,71.506,0.008 ,2899342 
16-May-2013,71.039,0.002 ,3966407 
17-May-2013,70.798,0.005 ,3466417 
20-May-2013,71.675,0.004 ,2515406 
21-May-2013,70.654,-0.014 ,2941569 
22-May-2013,69.145,-0.011 ,2796581 
23-May-2013,67.607,-0.028 ,5647393 
24-May-2013,65.970,-0.013 ,5181877 
27-May-2013,65.319,-0.008 ,2797968 
28-May-2013,65.596,0.006 ,2680287 
29-May-2013,64.087,-0.025 ,4651641 
30-May-2013,64.945,0.011 ,5803902 
31-May-2013,63.640,-0.011 ,12918605 
03-Jun-2013,65.034,0.001 ,3319610 
04-Jun-2013,64.437,0.003 ,2711173 
05-Jun-2013,62.854,-0.013 ,4804378 
06-Jun-2013,63.064,-0.002 ,4369994 
07-Jun-2013,61.371,-0.016 ,3505258 
11-Jun-2013,61.300,0.006 ,3648500 
12-Jun-2013,61.401,-0.004 ,3946219 
13-Jun-2013,63.033,0.010 ,4255035 
14-Jun-2013,63.841,0.020 ,3790570 
17-Jun-2013,65.002,0.020 ,3750028 
18-Jun-2013,64.618,0.000 ,3730119 
19-Jun-2013,63.177,-0.002 ,3932420 
20-Jun-2013,60.604,-0.031 ,7497462 
21-Jun-2013,60.539,-0.003 ,5374254 
24-Jun-2013,60.468,-0.005 ,3033828 
25-Jun-2013,60.883,0.006 ,3699017 
26-Jun-2013,62.081,0.018 ,3913602 
27-Jun-2013,63.765,0.028 ,5913380 
28-Jun-2013,62.862,0.000 ,11485109 
01-Jul-2013,62.047,-0.024 ,4355039 
02-Jul-2013,62.648,0.020 ,4263812 
03-Jul-2013,61.916,-0.005 ,3576661 
04-Jul-2013,62.257,-0.001 ,2277243 
05-Jul-2013,62.181,0.008 ,1806536 
08-Jul-2013,62.668,0.000 ,2640676 
09-Jul-2013,64.006,0.017 ,4004463 
10-Jul-2013,64.156,0.003 ,3248619 
11-Jul-2013,65.243,0.015 ,2628072 
12-Jul-2013,63.853,-0.006 ,2230432 
15-Jul-2013,64.438,0.004 ,1815605 
16-Jul-2013,66.010,0.007 ,2227492 
17-Jul-2013,65.386,-0.008 ,1929964 
18-Jul-2013,65.387,0.007 ,2169575 
19-Jul-2013,65.161,-0.004 ,1740670 
22-Jul-2013,66.123,0.006 ,2616399 
23-Jul-2013,66.930,0.007 ,2899855 
24-Jul-2013,66.437,0.007 ,2773237 
25-Jul-2013,67.602,0.009 ,3261586 
26-Jul-2013,67.817,0.002 ,10847121 
29-Jul-2013,67.606,0.003 ,1877026 
30-Jul-2013,66.716,0.002 ,2417702 
31-Jul-2013,66.280,0.002 ,4115036 
01-Aug-2013,64.893,-0.015 ,4275008 
02-Aug-2013,65.323,0.010 ,2463810 
05-Aug-2013,65.504,-0.001 ,1407181 
06-Aug-2013,65.717,-0.003 ,2412293 
07-Aug-2013,64.507,-0.020 ,3656764 
08-Aug-2013,66.086,0.013 ,2572863 
09-Aug-2013,66.573,-0.002 ,2825661 
12-Aug-2013,67.166,0.013 ,2242090 
13-Aug-2013,67.578,0.010 ,2935072 
14-Aug-2013,66.871,-0.011 ,5739837 
15-Aug-2013,67.023,0.000 ,3725688 
16-Aug-2013,66.926,-0.006 ,4986487 
19-Aug-2013,64.460,-0.029 ,11665410 
20-Aug-2013,63.398,-0.012 ,4905018 
21-Aug-2013,63.432,0.012 ,3979836 
22-Aug-2013,63.830,0.002 ,3437251 
23-Aug-2013,64.638,0.011 ,3578666 
26-Aug-2013,65.193,0.007 ,2783930 
27-Aug-2013,65.634,0.012 ,4893965 
28-Aug-2013,64.243,-0.017 ,4444048 
29-Aug-2013,63.986,-0.003 ,2711441 
30-Aug-2013,64.449,0.011 ,7384447 
02-Sep-2013,65.756,0.012 ,3124857 
03-Sep-2013,66.269,-0.002 ,2171809 
04-Sep-2013,66.806,-0.004 ,3432035 
05-Sep-2013,66.151,-0.005 ,2448943 
06-Sep-2013,66.805,0.003 ,3378013 
09-Sep-2013,67.564,0.006 ,2204924 
10-Sep-2013,68.415,0.004 ,2808220 
11-Sep-2013,68.784,0.003 ,2758730 
12-Sep-2013,68.180,-0.002 ,3361321 
13-Sep-2013,67.856,-0.002 ,3131575 
16-Sep-2013,68.627,0.003 ,2056565 
17-Sep-2013,68.466,-0.006 ,3476806 
18-Sep-2013,70.027,0.005 ,3106242 
19-Sep-2013,69.269,-0.002 ,4984304 
20-Sep-2013,68.899,-0.001 ,3033111 
23-Sep-2013,68.938,-0.003 ,1959100 
24-Sep-2013,68.098,-0.008 ,1794401 
25-Sep-2013,67.854,-0.001 ,2976726 
26-Sep-2013,68.154,0.005 ,2552703 
27-Sep-2013,67.780,-0.001 ,10560386 
30-Sep-2013,65.953,-0.027 ,3401659 
01-Oct-2013,66.679,0.002 ,2543680 
02-Oct-2013,66.885,0.004 ,2359293 
03-Oct-2013,66.984,0.000 ,2143472 
04-Oct-2013,67.312,0.001 ,2372424 
07-Oct-2013,66.336,-0.014 ,2354211 
08-Oct-2013,66.600,0.005 ,3094301 
09-Oct-2013,66.674,-0.001 ,1627289 
10-Oct-2013,66.552,-0.003 ,2472299 
11-Oct-2013,68.067,0.021 ,2275121 
14-Oct-2013,68.428,0.003 ,2170061 
15-Oct-2013,69.166,0.007 ,2462736 
16-Oct-2013,69.118,-0.003 ,2088308 
17-Oct-2013,70.339,0.009 ,2288974 
18-Oct-2013,71.372,0.010 ,2445681 
21-Oct-2013,71.538,0.005 ,2164127 
22-Oct-2013,72.170,0.003 ,2100562 
23-Oct-2013,71.432,-0.002 ,2122973 
24-Oct-2013,72.315,0.013 ,3165461 
25-Oct-2013,72.674,0.009 ,7257511 
28-Oct-2013,73.656,0.015 ,5398371 
29-Oct-2013,72.358,-0.008 ,2484353 
30-Oct-2013,72.596,0.003 ,2445771 
31-Oct-2013,71.568,-0.012 ,3107008 
01-Nov-2013,71.146,-0.004 ,1791205 
04-Nov-2013,71.972,0.004 ,2086952 
05-Nov-2013,72.786,0.012 ,2267773 
06-Nov-2013,73.817,0.012 ,4407257 
07-Nov-2013,74.576,0.017 ,5180215 
08-Nov-2013,73.827,-0.003 ,4229204 
11-Nov-2013,72.924,-0.009 ,2553844 
12-Nov-2013,72.240,-0.003 ,3052577 
13-Nov-2013,71.026,-0.023 ,3544877 
14-Nov-2013,71.523,0.012 ,2675693 
15-Nov-2013,72.480,0.008 ,2220166 
18-Nov-2013,72.123,-0.006 ,2018104 
19-Nov-2013,72.429,-0.002 ,2920299 
20-Nov-2013,71.224,-0.006 ,2201266 
21-Nov-2013,69.884,-0.008 ,2322880 
22-Nov-2013,69.732,0.005 ,2079465 
25-Nov-2013,69.471,-0.003 ,2567209 
26-Nov-2013,69.762,0.008 ,3461263 
27-Nov-2013,69.786,0.006 ,2904398 
28-Nov-2013,70.584,0.009 ,2855162 
29-Nov-2013,70.512,-0.003 ,5988440 
02-Dec-2013,69.556,-0.012 ,2161241 
03-Dec-2013,69.558,-0.004 ,2285488 
04-Dec-2013,68.938,0.003 ,1867171 
05-Dec-2013,68.049,-0.017 ,3405516 
06-Dec-2013,68.035,-0.004 ,2543864 
09-Dec-2013,67.881,-0.004 ,3387278 
10-Dec-2013,68.491,0.005 ,2795624 
11-Dec-2013,67.043,-0.010 ,2293953 
12-Dec-2013,65.312,-0.013 ,7659740 
13-Dec-2013,66.139,0.009 ,3426877 
16-Dec-2013,65.521,-0.008 ,2288094 
17-Dec-2013,65.383,0.004 ,3397382 
18-Dec-2013,64.928,-0.003 ,3352886 
19-Dec-2013,66.004,0.016 ,5192620 
20-Dec-2013,67.371,0.014 ,14188997 
23-Dec-2013,68.207,0.011 ,2998304 
24-Dec-2013,68.417,0.005 ,1208121 
27-Dec-2013,68.188,0.002 ,1088558 
30-Dec-2013,68.776,0.005 ,1666089 
31-Dec-2013,68.968,0.002 ,888947 
02-Jan-2014,68.942,0.001 ,1304668 
03-Jan-2014,69.005,-0.003 ,1141023 
06-Jan-2014,69.170,0.000 ,1364787 
07-Jan-2014,68.990,0.002 ,3289166 
08-Jan-2014,68.947,0.002 ,1862663 
09-Jan-2014,68.988,0.001 ,1833054 
10-Jan-2014,69.409,-0.005 ,1460273 
13-Jan-2014,69.324,-0.008 ,1652138 
14-Jan-2014,67.596,-0.016 ,3242846 
15-Jan-2014,67.549,0.005 ,2038662 
16-Jan-2014,66.487,-0.005 ,3898602 
17-Jan-2014,65.890,-0.004 ,2462037 
20-Jan-2014,65.991,-0.002 ,2132966 
21-Jan-2014,66.644,0.010 ,1794932 
22-Jan-2014,66.825,-0.002 ,2509051 
23-Jan-2014,65.511,-0.010 ,2509242 
24-Jan-2014,64.531,-0.005 ,2384415 
28-Jan-2014,64.705,-0.008 ,4861979 
29-Jan-2014,65.119,0.011 ,3118283 
30-Jan-2014,64.869,-0.010 ,3685031 
31-Jan-2014,64.622,0.000 ,10577169 
03-Feb-2014,64.726,0.002 ,1769141 
04-Feb-2014,64.971,-0.016 ,4946264 
05-Feb-2014,64.197,-0.010 ,3982536 
06-Feb-2014,65.439,0.014 ,3152557 
07-Feb-2014,65.482,0.001 ,4328233 
10-Feb-2014,66.599,0.018 ,2917156 
11-Feb-2014,68.231,0.014 ,3837734 
12-Feb-2014,68.391,0.004 ,4218630 
13-Feb-2014,67.633,-0.006 ,3588847 
14-Feb-2014,68.233,0.003 ,3655586 
17-Feb-2014,66.783,-0.022 ,10342467 
18-Feb-2014,66.885,0.002 ,3810787 
19-Feb-2014,67.113,0.006 ,3785117 
20-Feb-2014,66.815,-0.005 ,3343624 
21-Feb-2014,67.102,0.008 ,2535815 
24-Feb-2014,67.720,0.002 ,2420163 
25-Feb-2014,67.519,-0.001 ,2726341 
26-Feb-2014,67.296,0.003 ,2695512 
27-Feb-2014,67.023,-0.004 ,1371577 
28-Feb-2014,66.282,-0.007 ,6919849 
03-Mar-2014,66.196,-0.002 ,2425063 
04-Mar-2014,66.693,0.006 ,2833756 
05-Mar-2014,67.488,0.008 ,3874018 
06-Mar-2014,68.266,0.000 ,2522051 
07-Mar-2014,68.568,0.006 ,2941699 
10-Mar-2014,67.920,-0.003 ,1905828 
11-Mar-2014,68.042,0.007 ,3490750 
12-Mar-2014,67.694,-0.007 ,2791241 
13-Mar-2014,68.221,0.003 ,2593946 
14-Mar-2014,67.539,-0.009 ,2204000 
17-Mar-2014,67.642,-0.005 ,2648022 
18-Mar-2014,68.255,0.005 ,1967061 
19-Mar-2014,67.839,0.003 ,3209874 
20-Mar-2014,67.392,-0.006 ,5763608 
21-Mar-2014,68.321,0.009 ,2975520 
24-Mar-2014,68.983,0.004 ,1706586 
25-Mar-2014,69.162,-0.001 ,2475517 
26-Mar-2014,70.043,0.007 ,3233615 
27-Mar-2014,70.504,0.002 ,2707622 
28-Mar-2014,70.946,0.008 ,8420847 
31-Mar-2014,71.338,0.004 ,2853745 
01-Apr-2014,70.921,-0.004 ,2162750 
02-Apr-2014,70.772,-0.002 ,2012369 
03-Apr-2014,70.707,0.001 ,1651244 
04-Apr-2014,71.136,-0.001 ,1903211 
07-Apr-2014,70.864,-0.002 ,1277112 
08-Apr-2014,71.459,-0.001 ,1483540 
09-Apr-2014,72.339,0.010 ,2552250 
10-Apr-2014,72.922,0.005 ,1847183 
11-Apr-2014,72.264,-0.007 ,1939930 
14-Apr-2014,71.683,-0.011 ,2428438 
15-Apr-2014,71.575,0.005 ,1541322 
16-Apr-2014,71.899,0.003 ,1498991 
17-Apr-2014,71.943,0.005 ,1948111 
22-Apr-2014,72.696,0.006 ,1706461 
23-Apr-2014,72.996,0.013 ,2937047 
24-Apr-2014,72.673,-0.002 ,7817324 
28-Apr-2014,73.150,0.007 ,2066294 
29-Apr-2014,72.767,-0.006 ,2504689 
30-Apr-2014,72.847,-0.001 ,2061510 
01-May-2014,72.537,-0.003 ,2323199 
02-May-2014,72.998,0.006 ,1960805 
05-May-2014,72.774,-0.003 ,2232589 
06-May-2014,73.712,0.004 ,1475064 
07-May-2014,72.860,-0.009 ,2242874 
08-May-2014,73.692,0.007 ,1999936 
09-May-2014,74.010,0.005 ,1624138 
12-May-2014,73.875,-0.002 ,1202879 
13-May-2014,74.359,0.007 ,2212300 
14-May-2014,75.409,0.012 ,2660828 
15-May-2014,75.561,0.004 ,3520651 
16-May-2014,74.856,-0.010 ,2254007 
19-May-2014,73.829,-0.010 ,2088228 
20-May-2014,73.373,0.003 ,2086992 
21-May-2014,73.767,0.005 ,2450465 
22-May-2014,73.974,0.006 ,2201804 
23-May-2014,74.612,0.008 ,2078591 
26-May-2014,74.922,0.003 ,1256758 
27-May-2014,75.203,0.001 ,1196003 
28-May-2014,75.263,0.003 ,1218287 
29-May-2014,75.952,0.001 ,1316932 
30-May-2014,75.542,-0.006 ,10072303 
02-Jun-2014,75.647,0.008 ,1722344 
03-Jun-2014,75.438,-0.004 ,2285494 
04-Jun-2014,74.860,-0.009 ,1936913 
05-Jun-2014,75.191,-0.002 ,2045449 
06-Jun-2014,75.896,0.010 ,2027804 
10-Jun-2014,76.827,0.008 ,2437780 
11-Jun-2014,76.696,-0.003 ,1651037 
12-Jun-2014,76.747,-0.004 ,2100573 
13-Jun-2014,76.403,-0.002 ,2704114 
16-Jun-2014,76.290,-0.002 ,3199462 
17-Jun-2014,75.412,-0.004 ,2723696 
18-Jun-2014,75.769,-0.003 ,2081658 
19-Jun-2014,76.912,0.016 ,4476147 
20-Jun-2014,76.008,-0.011 ,2652545 
23-Jun-2014,76.622,0.005 ,1969837 
24-Jun-2014,75.963,-0.003 ,1844746 
25-Jun-2014,75.772,-0.007 ,2873270 
26-Jun-2014,76.793,0.013 ,2335998 
27-Jun-2014,76.322,-0.007 ,8847976 
30-Jun-2014,75.858,-0.007 ,2671765 
01-Jul-2014,75.530,-0.011 ,3795149 
02-Jul-2014,76.000,0.012 ,2410910 
03-Jul-2014,75.789,0.008 ,1686492 
04-Jul-2014,76.283,0.005 ,1360009 
07-Jul-2014,75.839,-0.007 ,1611852 
08-Jul-2014,76.012,-0.000 ,1718466 
09-Jul-2014,75.596,-0.007 ,2689177 
10-Jul-2014,75.508,0.001 ,1576882 
11-Jul-2014,75.863,0.005 ,2279193 
14-Jul-2014,76.336,0.006 ,1311370 
15-Jul-2014,75.921,-0.003 ,1913050 
16-Jul-2014,75.789,-0.002 ,1651444 
17-Jul-2014,75.530,-0.002 ,2891416 
18-Jul-2014,75.884,0.001 ,2015613 
21-Jul-2014,75.839,0.001 ,1539753 
22-Jul-2014,75.891,-0.001 ,1866076 
23-Jul-2014,76.674,0.004 ,2549961 
24-Jul-2014,76.820,0.006 ,2209405 
25-Jul-2014,76.868,0.003 ,6518220 
28-Jul-2014,76.705,-0.003 ,1435155 
29-Jul-2014,76.844,0.004 ,1891840 
30-Jul-2014,77.133,0.009 ,2165235 
31-Jul-2014,77.425,0.007 ,2871956 
01-Aug-2014,76.656,-0.011 ,2588594 
04-Aug-2014,76.648,-0.003 ,1367645 
05-Aug-2014,75.920,-0.006 ,2629909 
06-Aug-2014,76.010,-0.004 ,2373980 
07-Aug-2014,75.004,-0.004 ,2776202 
08-Aug-2014,73.936,-0.015 ,3708717 
11-Aug-2014,74.065,0.003 ,2255370 
12-Aug-2014,75.269,0.016 ,3663805 
13-Aug-2014,74.902,-0.009 ,3583807 
14-Aug-2014,75.078,0.001 ,3672071 
15-Aug-2014,75.238,0.002 ,2894486 
18-Aug-2014,75.431,0.002 ,2880638 
19-Aug-2014,73.981,-0.017 ,7877914 
20-Aug-2014,74.164,0.004 ,3263417 
21-Aug-2014,74.224,-0.000 ,3214022 
22-Aug-2014,74.643,0.004 ,1842071 
25-Aug-2014,74.406,-0.001 ,2576914 
26-Aug-2014,74.707,0.003 ,2097541 
27-Aug-2014,75.325,0.005 ,2530929 
28-Aug-2014,75.465,0.000 ,2110314 
29-Aug-2014,75.486,0.002 ,4978117 
01-Sep-2014,75.451,-0.000 ,1903859 
02-Sep-2014,75.175,0.002 ,1762902 
03-Sep-2014,75.912,0.002 ,1993974 
04-Sep-2014,75.823,-0.002 ,1567342 
05-Sep-2014,75.815,-0.003 ,1459455 
08-Sep-2014,74.986,-0.000 ,1604426 
09-Sep-2014,74.611,0.003 ,1751562 
10-Sep-2014,74.239,0.000 ,2945649 
11-Sep-2014,72.978,-0.011 ,3327145 
12-Sep-2014,72.112,-0.005 ,2769011 
15-Sep-2014,70.856,-0.016 ,3841113 
16-Sep-2014,70.722,-0.009 ,4875693 
17-Sep-2014,68.916,-0.011 ,5449335 
18-Sep-2014,69.368,0.003 ,5083166 
19-Sep-2014,69.039,0.003 ,4601709 
22-Sep-2014,67.445,-0.017 ,3667043 
23-Sep-2014,67.956,0.011 ,5243148 
24-Sep-2014,67.502,-0.011 ,3090803 
25-Sep-2014,66.981,0.003 ,2674307 
26-Sep-2014,65.594,-0.018 ,8692055 
29-Sep-2014,64.501,-0.011 ,2949419 
30-Sep-2014,65.486,0.012 ,4057006 
01-Oct-2014,66.216,0.012 ,3732042 
02-Oct-2014,66.375,-0.005 ,2593567 
03-Oct-2014,66.120,0.011 ,2651995 
06-Oct-2014,66.372,-0.006 ,1355066 
07-Oct-2014,66.438,-0.005 ,3712346 
08-Oct-2014,65.960,-0.010 ,2463504 
09-Oct-2014,66.553,0.016 ,3108114 
10-Oct-2014,64.583,-0.019 ,3356305 
13-Oct-2014,64.646,-0.009 ,2992363 
14-Oct-2014,64.225,-0.000 ,3352126 
15-Oct-2014,66.218,0.018 ,3388368 
16-Oct-2014,66.126,0.006 ,4756471 
17-Oct-2014,66.558,0.008 ,3684444 
20-Oct-2014,67.468,0.009 ,2468057 
21-Oct-2014,67.383,-0.001 ,1837913 
22-Oct-2014,67.700,0.005 ,2593872 
23-Oct-2014,68.107,0.008 ,2271471 
24-Oct-2014,68.896,0.008 ,2354967 
27-Oct-2014,70.046,0.016 ,3510156 
28-Oct-2014,70.617,0.002 ,2905889 
29-Oct-2014,69.629,-0.008 ,2851626 
30-Oct-2014,70.400,0.007 ,2142381 
31-Oct-2014,70.392,0.004 ,11377652 
03-Nov-2014,69.498,0.000 ,1908715 
04-Nov-2014,70.196,0.003 ,2298049 
05-Nov-2014,69.682,0.010 ,3217556 
06-Nov-2014,69.099,-0.005 ,3053725 
07-Nov-2014,71.053,0.019 ,5219358 
10-Nov-2014,70.774,-0.002 ,3146991 
11-Nov-2014,71.696,0.005 ,2737100 
12-Nov-2014,70.964,-0.014 ,3313352 
13-Nov-2014,70.485,-0.007 ,3025834 
14-Nov-2014,71.106,0.006 ,1982352 
17-Nov-2014,70.145,-0.010 ,1939125 
18-Nov-2014,70.175,-0.000 ,1772660 
19-Nov-2014,69.026,-0.005 ,2066311 
20-Nov-2014,68.847,-0.002 ,2161904 
21-Nov-2014,69.023,-0.003 ,2172260 
24-Nov-2014,68.891,0.004 ,2109754 
25-Nov-2014,67.984,-0.003 ,2541594 
26-Nov-2014,68.857,0.010 ,2028641 
27-Nov-2014,69.233,0.006 ,2215179 
28-Nov-2014,68.314,-0.010 ,6687000 
01-Dec-2014,67.376,-0.011 ,2323145 
02-Dec-2014,67.769,0.012 ,3266667 
03-Dec-2014,68.015,0.008 ,2576514 
04-Dec-2014,68.419,0.008 ,3042373 
05-Dec-2014,67.582,-0.005 ,2165552 
08-Dec-2014,67.949,0.009 ,3220160 
09-Dec-2014,67.635,-0.004 ,3345839 
10-Dec-2014,68.120,0.004 ,3285444 
11-Dec-2014,67.612,-0.002 ,3116243 
12-Dec-2014,66.990,-0.005 ,2397391 
15-Dec-2014,66.346,-0.006 ,2214018 
16-Dec-2014,66.157,-0.004 ,3452804 
17-Dec-2014,65.433,0.001 ,2985687 
18-Dec-2014,66.421,0.010 ,5091753 
19-Dec-2014,67.780,0.023 ,15227655 
22-Dec-2014,69.032,0.020 ,3367623 
23-Dec-2014,68.454,-0.005 ,2043999 
24-Dec-2014,68.447,-0.000 ,1122469 
29-Dec-2014,69.581,0.013 ,1651721 
30-Dec-2014,69.635,-0.005 ,1594134 
31-Dec-2014,69.581,0.001 ,714089 
02-Jan-2015,68.964,0.001 ,949450 
05-Jan-2015,69.090,0.002 ,1351667 
06-Jan-2015,68.584,-0.008 ,2477303 
07-Jan-2015,68.372,-0.002 ,2127214 
08-Jan-2015,68.979,0.003 ,1997784 
09-Jan-2015,70.172,0.008 ,2647446 
12-Jan-2015,69.479,-0.005 ,1329601 
13-Jan-2015,69.271,-0.004 ,1841454 
14-Jan-2015,67.797,-0.019 ,4248529 
15-Jan-2015,68.216,-0.002 ,3671575 
16-Jan-2015,68.357,0.001 ,2690185 
19-Jan-2015,67.865,-0.006 ,2515361 
20-Jan-2015,67.834,0.005 ,2414154 
21-Jan-2015,68.078,0.014 ,2420862 
22-Jan-2015,68.011,0.007 ,2084339 
23-Jan-2015,67.788,0.012 ,2140219 
27-Jan-2015,69.133,0.016 ,2770764 
28-Jan-2015,68.787,0.001 ,2075674 
29-Jan-2015,68.488,0.012 ,3370876 
30-Jan-2015,68.999,0.006 ,14169508 
02-Feb-2015,69.581,0.004 ,2145343 
03-Feb-2015,70.050,0.008 ,3430399 
04-Feb-2015,69.973,0.004 ,3432205 
05-Feb-2015,72.302,0.027 ,4524581 
06-Feb-2015,72.059,-0.003 ,4105913 
09-Feb-2015,72.067,-0.001 ,2857688 
10-Feb-2015,71.545,-0.004 ,2156266 
11-Feb-2015,70.506,-0.008 ,2828973 
12-Feb-2015,70.129,-0.007 ,4786141 
13-Feb-2015,71.968,0.022 ,3515956 
16-Feb-2015,72.216,0.003 ,2908004 
17-Feb-2015,69.973,-0.037 ,12418830 
18-Feb-2015,70.462,0.008 ,2630043 
19-Feb-2015,70.624,0.005 ,1999495 
20-Feb-2015,70.352,-0.010 ,1542466 
23-Feb-2015,70.112,0.002 ,1754149 
24-Feb-2015,70.872,0.007 ,2157833 
25-Feb-2015,71.237,-0.002 ,1592069 
26-Feb-2015,70.138,-0.005 ,2128962 
27-Feb-2015,71.393,0.017 ,7410021 
02-Mar-2015,71.477,0.007 ,2130131 
03-Mar-2015,71.420,-0.007 ,2663803 
04-Mar-2015,70.806,-0.009 ,1830236 
05-Mar-2015,70.500,-0.000 ,1687536 
06-Mar-2015,69.860,-0.000 ,1263967 
09-Mar-2015,69.333,-0.006 ,1377253 
10-Mar-2015,68.716,0.002 ,1933169 
11-Mar-2015,68.361,-0.002 ,1898450 
12-Mar-2015,70.384,0.014 ,1966250 
13-Mar-2015,69.310,-0.005 ,1755511 
16-Mar-2015,69.731,0.005 ,1814902 
17-Mar-2015,70.766,0.018 ,2773946 
18-Mar-2015,72.163,-0.000 ,3200982 
19-Mar-2015,72.680,0.024 ,5135684 
20-Mar-2015,74.398,0.007 ,5602559 
23-Mar-2015,74.832,-0.009 ,2148673 
24-Mar-2015,74.470,-0.004 ,1728953 
25-Mar-2015,74.768,0.008 ,2459165 
26-Mar-2015,73.043,-0.021 ,3587173 
27-Mar-2015,72.663,0.005 ,7619841 
30-Mar-2015,70.809,-0.013 ,2197578 
31-Mar-2015,70.647,0.003 ,2242125 
01-Apr-2015,70.512,-0.001 ,2238011 
02-Apr-2015,71.253,0.012 ,2216827 
07-Apr-2015,71.504,-0.002 ,3113006 
08-Apr-2015,71.812,-0.002 ,1718675 
09-Apr-2015,71.800,-0.002 ,1591267 
10-Apr-2015,71.864,0.003 ,1260227 
13-Apr-2015,71.027,-0.000 ,1098375 
14-Apr-2015,71.127,-0.003 ,2040962 
15-Apr-2015,70.602,-0.014 ,3315954 
16-Apr-2015,72.156,0.006 ,1994613 
17-Apr-2015,71.160,-0.010 ,2106734 
20-Apr-2015,70.117,-0.008 ,2247375 
21-Apr-2015,70.353,0.005 ,2513522 
22-Apr-2015,70.246,-0.007 ,2356960 
23-Apr-2015,70.172,-0.004 ,2354475 
24-Apr-2015,71.560,0.015 ,5636803 
27-Apr-2015,72.448,0.007 ,1867098 
28-Apr-2015,73.867,-0.002 ,1928211 
29-Apr-2015,72.128,-0.022 ,2663466 
30-Apr-2015,69.802,-0.019 ,3951736 
01-May-2015,69.416,0.001 ,2327589 
04-May-2015,68.584,-0.010 ,3019810 
05-May-2015,69.605,0.001 ,3102582 
06-May-2015,65.753,-0.059 ,7237361 
07-May-2015,65.336,0.002 ,6304452 
08-May-2015,65.155,-0.006 ,3205465 
11-May-2015,64.457,-0.006 ,2882451 
12-May-2015,65.707,0.009 ,3111857 
13-May-2015,67.740,0.013 ,3056369 
14-May-2015,67.150,-0.004 ,3796662 
15-May-2015,67.678,0.014 ,3820247 
18-May-2015,65.909,-0.021 ,3337339 
19-May-2015,65.205,-0.002 ,3105661 
20-May-2015,64.577,-0.004 ,2543214 
21-May-2015,65.589,0.013 ,2889261 
22-May-2015,64.699,-0.005 ,1802006 
25-May-2015,65.350,0.011 ,1497779 
26-May-2015,65.107,0.008 ,2449005 
27-May-2015,64.606,-0.006 ,2235438 
28-May-2015,63.474,-0.007 ,2645873 
29-May-2015,64.624,0.019 ,9148638 
01-Jun-2015,63.892,-0.007 ,2115349 
02-Jun-2015,64.126,-0.018 ,2626591 
03-Jun-2015,63.151,-0.017 ,3746240 
04-Jun-2015,61.577,-0.013 ,3795280 
05-Jun-2015,60.907,-0.003 ,2906834 
09-Jun-2015,61.026,-0.006 ,2823296 
10-Jun-2015,61.660,0.001 ,2251330 
11-Jun-2015,62.777,0.019 ,2587749 
12-Jun-2015,62.541,0.000 ,1838159 
15-Jun-2015,63.212,0.006 ,2378577 
16-Jun-2015,63.475,0.006 ,2007345 
17-Jun-2015,64.899,0.023 ,3698937 
18-Jun-2015,64.512,-0.013 ,5371102 
19-Jun-2015,65.262,0.015 ,3671232 
22-Jun-2015,65.332,0.007 ,2092090 
23-Jun-2015,66.720,0.020 ,2796548 
24-Jun-2015,66.774,0.005 ,2961942 
25-Jun-2015,67.137,0.001 ,2840364 
26-Jun-2015,65.955,-0.007 ,10063746 
29-Jun-2015,64.632,-0.023 ,2505079 
30-Jun-2015,65.230,0.005 ,3217774 
01-Jul-2015,65.390,0.010 ,2073860 
02-Jul-2015,66.347,0.017 ,3133341 
03-Jul-2015,64.713,-0.009 ,2501021 
06-Jul-2015,64.333,-0.004 ,2049360 
07-Jul-2015,64.950,0.016 ,3147799 
08-Jul-2015,63.357,-0.022 ,3983343 
09-Jul-2015,63.360,-0.002 ,2788786 
10-Jul-2015,63.449,0.002 ,1837206 
13-Jul-2015,62.735,-0.007 ,2029809 
14-Jul-2015,63.884,0.013 ,2382854 
15-Jul-2015,63.913,0.010 ,2491820 
16-Jul-2015,64.739,0.010 ,2208732 
17-Jul-2015,64.491,0.000 ,1428469 
20-Jul-2015,64.744,0.004 ,1257931 
21-Jul-2015,64.991,-0.003 ,2018920 
22-Jul-2015,63.527,-0.017 ,2890270 
23-Jul-2015,63.105,-0.004 ,2193268 
24-Jul-2015,62.132,-0.006 ,2277321 
27-Jul-2015,62.233,0.003 ,2295147 
28-Jul-2015,62.987,0.003 ,2519078 
29-Jul-2015,62.799,0.003 ,2316948 
30-Jul-2015,63.139,0.006 ,1950110 
31-Jul-2015,63.591,0.006 ,6791425 
03-Aug-2015,63.297,-0.002 ,1329082 
04-Aug-2015,64.598,0.008 ,2279147 
05-Aug-2015,63.896,-0.007 ,2501660 
06-Aug-2015,61.750,-0.032 ,4513082 
07-Aug-2015,59.966,-0.038 ,5242799 
10-Aug-2015,60.537,0.010 ,3397173 
11-Aug-2015,59.640,-0.000 ,3869143 
17-Aug-2015,59.863,-0.005 ,8127186 
18-Aug-2015,56.437,-0.054 ,7498212 
19-Aug-2015,57.489,0.018 ,5726975 
20-Aug-2015,55.864,-0.027 ,6306169 
21-Aug-2015,55.324,-0.007 ,6935842 
24-Aug-2015,51.838,-0.041 ,6916599 
25-Aug-2015,53.502,0.036 ,8131178 
26-Aug-2015,54.205,0.014 ,6033884 
27-Aug-2015,54.754,0.004 ,4834405 
28-Aug-2015,54.758,-0.001 ,8806346 
31-Aug-2015,53.382,-0.017 ,4715040 
01-Sep-2015,51.413,-0.024 ,4332533 
02-Sep-2015,51.806,0.005 ,4509276 
03-Sep-2015,50.487,-0.023 ,3937578 
04-Sep-2015,49.819,0.003 ,6328120 
07-Sep-2015,50.067,0.002 ,4570660 
08-Sep-2015,52.023,0.026 ,3999324 
09-Sep-2015,53.811,0.034 ,5549748 
10-Sep-2015,53.094,-0.021 ,4595034 
14-Sep-2015,53.191,-0.008 ,5378705 
15-Sep-2015,52.429,-0.015 ,4209355 
16-Sep-2015,54.214,0.026 ,5551703 
17-Sep-2015,54.191,0.003 ,5142469 
18-Sep-2015,54.499,0.003 ,4131169 
21-Sep-2015,52.484,-0.029 ,3651808 
22-Sep-2015,52.309,0.002 ,2229040 
23-Sep-2015,50.113,-0.030 ,5680792 
24-Sep-2015,50.917,0.013 ,3215885 
25-Sep-2015,50.144,-0.015 ,8362078 
28-Sep-2015,50.810,0.018 ,2151950 
29-Sep-2015,48.979,-0.035 ,4504678 
30-Sep-2015,51.028,0.037 ,4795052 
01-Oct-2015,52.182,0.021 ,3277220 
02-Oct-2015,51.711,-0.012 ,2392470 
05-Oct-2015,52.654,0.013 ,1619838 
06-Oct-2015,53.694,0.008 ,2595262 
07-Oct-2015,54.030,0.001 ,2523405 
08-Oct-2015,54.696,0.005 ,1998171 
09-Oct-2015,55.371,0.002 ,2428907 
12-Oct-2015,54.935,-0.012 ,2185101 
13-Oct-2015,53.758,-0.006 ,2371617 
14-Oct-2015,54.399,0.004 ,2682858 
15-Oct-2015,55.238,0.011 ,2302705 
16-Oct-2015,55.552,0.015 ,3732096 
19-Oct-2015,55.404,-0.002 ,1963338 
20-Oct-2015,54.965,-0.009 ,1995934 
21-Oct-2015,54.644,0.001 ,1914141 
22-Oct-2015,55.031,0.008 ,1734973 
23-Oct-2015,55.785,0.013 ,3063301 
26-Oct-2015,56.157,0.002 ,2251288 
27-Oct-2015,55.879,0.003 ,2424679 
28-Oct-2015,55.241,-0.001 ,2108346 
29-Oct-2015,54.528,-0.006 ,2637207 
30-Oct-2015,54.762,-0.006 ,6229906 
02-Nov-2015,53.644,-0.021 ,3023142 
03-Nov-2015,54.936,0.018 ,1949984 
04-Nov-2015,54.724,0.002 ,2574174 
05-Nov-2015,54.157,-0.010 ,2951072 
06-Nov-2015,53.966,0.010 ,2169524 
09-Nov-2015,53.231,-0.013 ,2288971 
10-Nov-2015,52.549,-0.011 ,3464540 
11-Nov-2015,53.641,0.017 ,2720061 
12-Nov-2015,55.147,0.018 ,2560501 
13-Nov-2015,54.009,-0.021 ,2885084 
16-Nov-2015,53.049,-0.013 ,2114256 
17-Nov-2015,54.789,0.031 ,2930849 
18-Nov-2015,55.344,0.010 ,3150721 
19-Nov-2015,56.918,0.017 ,3267766 
20-Nov-2015,57.781,0.009 ,2950873 
23-Nov-2015,57.832,0.007 ,2001482 
24-Nov-2015,57.763,-0.009 ,2604415 
25-Nov-2015,57.267,-0.008 ,2373029 
26-Nov-2015,57.951,0.015 ,3292309 
27-Nov-2015,57.622,-0.001 ,5545776 
30-Nov-2015,57.396,-0.009 ,4247367 
01-Dec-2015,59.293,0.020 ,3556546 
02-Dec-2015,59.742,0.010 ,2445536 
03-Dec-2015,59.797,-0.003 ,1902582 
04-Dec-2015,58.874,-0.016 ,3408806 
07-Dec-2015,58.491,0.004 ,2028151 
08-Dec-2015,57.813,-0.005 ,2474404 
09-Dec-2015,58.026,0.002 ,2497690 
10-Dec-2015,57.431,-0.017 ,4186508 
11-Dec-2015,56.734,0.001 ,2284470 
14-Dec-2015,56.074,-0.019 ,2914971 
15-Dec-2015,55.277,-0.007 ,2701611 
16-Dec-2015,57.190,0.029 ,3102407 
17-Dec-2015,57.492,0.020 ,5445628 
18-Dec-2015,58.478,0.011 ,7936255 
21-Dec-2015,58.876,0.004 ,2198137 
22-Dec-2015,59.080,-0.003 ,2092679 
23-Dec-2015,59.322,0.005 ,2522546 
24-Dec-2015,60.632,0.015 ,1620353 
29-Dec-2015,61.634,0.014 ,1840762 
30-Dec-2015,62.321,0.013 ,2623161 
31-Dec-2015,62.223,-0.000 ,1800609 
04-Jan-2016,60.710,-0.013 ,2230040 
05-Jan-2016,59.482,-0.016 ,2761614 
06-Jan-2016,58.060,-0.012 ,2477040 
07-Jan-2016,56.359,-0.021 ,3320993 
08-Jan-2016,55.205,-0.012 ,3791303 
11-Jan-2016,54.993,-0.010 ,2588229 
12-Jan-2016,55.438,0.010 ,2927025 
13-Jan-2016,56.327,0.020 ,3143955 
14-Jan-2016,55.459,-0.020 ,2147488 
15-Jan-2016,54.167,-0.007 ,2701597 
18-Jan-2016,53.799,-0.006 ,2460969 
19-Jan-2016,54.665,0.010 ,2300055 
20-Jan-2016,53.597,-0.020 ,3383000 
21-Jan-2016,53.736,-0.010 ,5261645 
22-Jan-2016,53.592,-0.003 ,3581094 
25-Jan-2016,54.937,0.032 ,2932402 
27-Jan-2016,54.514,-0.018 ,3232392 
28-Jan-2016,55.135,0.003 ,3143338 
29-Jan-2016,55.714,0.011 ,7035866 
01-Feb-2016,55.614,-0.006 ,3601253 
02-Feb-2016,54.910,-0.003 ,2339438 
03-Feb-2016,54.276,-0.029 ,3758642 
04-Feb-2016,55.692,0.022 ,3125514 
05-Feb-2016,54.095,-0.010 ,2267961 
08-Feb-2016,54.100,-0.003 ,2222535 
09-Feb-2016,51.512,-0.046 ,4592593 
10-Feb-2016,52.645,0.018 ,6540751 
11-Feb-2016,52.812,0.001 ,2862170 
12-Feb-2016,52.042,-0.013 ,4264022 
15-Feb-2016,53.028,0.013 ,5367415 
16-Feb-2016,51.604,-0.023 ,5455758 
17-Feb-2016,51.947,-0.004 ,3410164 
18-Feb-2016,53.155,0.027 ,3165062 
19-Feb-2016,52.488,-0.011 ,1768177 
22-Feb-2016,53.616,0.011 ,2074363 
23-Feb-2016,52.776,-0.013 ,2571840 
24-Feb-2016,51.279,-0.028 ,3963496 
25-Feb-2016,51.340,-0.004 ,5357879 
26-Feb-2016,50.409,-0.004 ,4861345 
29-Feb-2016,50.066,-0.008 ,4476962 
01-Mar-2016,51.230,0.018 ,3667485 
02-Mar-2016,53.924,0.035 ,3667940 
03-Mar-2016,55.051,0.013 ,3042379 
04-Mar-2016,56.350,0.011 ,2660545 
07-Mar-2016,57.406,0.015 ,2691887 
08-Mar-2016,56.120,-0.019 ,3363994 
09-Mar-2016,57.118,0.011 ,2661641 
10-Mar-2016,56.732,-0.002 ,1786282 
11-Mar-2016,57.758,0.003 ,1774934 
14-Mar-2016,57.745,0.006 ,4135863 
15-Mar-2016,56.256,-0.018 ,1647922 
16-Mar-2016,57.395,0.008 ,1764992 
17-Mar-2016,59.180,0.018 ,4715401 
18-Mar-2016,59.394,0.010 ,4505834 
21-Mar-2016,58.441,-0.013 ,1781730 
22-Mar-2016,58.613,-0.003 ,2824264 
23-Mar-2016,57.740,-0.003 ,2729654 
24-Mar-2016,56.317,-0.025 ,8965297 
29-Mar-2016,55.754,-0.023 ,2545930 
30-Mar-2016,56.229,0.003 ,2249949 
31-Mar-2016,57.344,0.022 ,3039143 
01-Apr-2016,55.969,-0.026 ,2904635 
04-Apr-2016,55.434,-0.001 ,1953640 
05-Apr-2016,53.744,-0.023 ,4361540 
06-Apr-2016,54.060,-0.001 ,2732316 
07-Apr-2016,53.249,-0.002 ,2312789 
08-Apr-2016,53.424,-0.003 ,3270663 
11-Apr-2016,53.690,-0.001 ,2349021 
12-Apr-2016,55.487,0.021 ,2033939 
13-Apr-2016,56.418,0.021 ,2815308 
14-Apr-2016,57.489,0.013 ,3222694 
15-Apr-2016,57.893,0.004 ,2341707 
18-Apr-2016,57.482,-0.011 ,2220565 
19-Apr-2016,58.348,0.007 ,3916364 
20-Apr-2016,58.097,-0.002 ,2357210 
21-Apr-2016,58.399,0.012 ,3324504 
22-Apr-2016,57.803,-0.006 ,2164070 
26-Apr-2016,58.583,0.008 ,2401173 
27-Apr-2016,55.932,-0.025 ,3288270 
28-Apr-2016,56.310,0.001 ,3085777 
29-Apr-2016,56.171,0.001 ,4300511 
02-May-2016,55.449,-0.021 ,2968523 
03-May-2016,56.138,0.037 ,3868830 
04-May-2016,55.629,-0.005 ,2441957 
05-May-2016,55.868,0.003 ,3250863 
06-May-2016,54.751,-0.007 ,3800504 
09-May-2016,55.426,0.019 ,3557188 
10-May-2016,57.423,0.029 ,6650553 
11-May-2016,57.518,-0.000 ,3550798 
12-May-2016,57.311,0.003 ,3738026 
13-May-2016,56.208,-0.011 ,3048547 
16-May-2016,56.838,0.008 ,2483761 
17-May-2016,57.624,0.009 ,2116261 
18-May-2016,56.104,-0.014 ,2963445 
19-May-2016,56.182,0.002 ,2549139 
20-May-2016,56.395,0.005 ,1820366 
23-May-2016,56.287,-0.002 ,2494097 
24-May-2016,55.704,-0.005 ,1814339 
25-May-2016,56.425,0.011 ,3577527 
26-May-2016,56.781,0.003 ,2442257 
27-May-2016,56.642,0.004 ,4315925 
30-May-2016,56.125,-0.009 ,1747369 
31-May-2016,55.974,-0.010 ,3681704 
01-Jun-2016,55.524,-0.012 ,3007983 
02-Jun-2016,54.637,-0.012 ,2038099 
03-Jun-2016,55.782,0.002 ,2302717 
06-Jun-2016,56.424,0.011 ,1807334 
07-Jun-2016,57.673,0.010 ,2888613 
08-Jun-2016,57.496,-0.005 ,2665616 
09-Jun-2016,56.668,-0.009 ,2295385 
10-Jun-2016,55.644,-0.011 ,1774102 
14-Jun-2016,54.081,-0.026 ,3266702 
15-Jun-2016,53.457,-0.018 ,3934390 
16-Jun-2016,52.838,-0.006 ,4469989 
17-Jun-2016,53.273,0.003 ,2866818 
20-Jun-2016,55.331,0.030 ,2386284 
21-Jun-2016,55.890,0.012 ,2977266 
22-Jun-2016,56.303,-0.000 ,2374310 
23-Jun-2016,57.075,-0.001 ,2371206 
24-Jun-2016,54.123,-0.033 ,7780996 
27-Jun-2016,53.304,0.003 ,3227055 
28-Jun-2016,53.999,0.004 ,4109344 
29-Jun-2016,54.713,0.005 ,2828505 
30-Jun-2016,55.406,0.012 ,4275739 
01-Jul-2016,55.321,-0.007 ,2354129 
04-Jul-2016,55.284,-0.006 ,2746700 
05-Jul-2016,54.115,-0.011 ,2719389 
06-Jul-2016,54.086,-0.008 ,3518493 
07-Jul-2016,54.208,0.007 ,3003488 
08-Jul-2016,54.793,-0.001 ,1831048 
11-Jul-2016,55.790,0.023 ,3227781 
12-Jul-2016,56.777,0.005 ,2770717 
13-Jul-2016,56.954,0.005 ,2111221 
14-Jul-2016,57.675,0.010 ,2148285 
15-Jul-2016,57.540,0.004 ,2021505 
18-Jul-2016,57.760,0.002 ,1790811 
19-Jul-2016,57.022,-0.001 ,1906157 
20-Jul-2016,57.394,0.010 ,2447338 
21-Jul-2016,57.734,0.004 ,3282688 
22-Jul-2016,57.554,0.001 ,1858980 
25-Jul-2016,57.899,0.005 ,1978433 
26-Jul-2016,58.500,0.006 ,2646167 
27-Jul-2016,58.377,-0.001 ,2735929 
28-Jul-2016,58.350,-0.002 ,2126310 
29-Jul-2016,58.747,-0.006 ,7235387 
01-Aug-2016,58.750,0.008 ,2044844 
02-Aug-2016,59.038,-0.005 ,2991283 
03-Aug-2016,57.692,-0.020 ,3144785 
04-Aug-2016,57.706,-0.005 ,2939161 
05-Aug-2016,58.019,0.006 ,1922629 
08-Aug-2016,59.058,0.014 ,2543616 
09-Aug-2016,60.148,0.016 ,2757764 
10-Aug-2016,59.614,-0.013 ,4090305 
11-Aug-2016,58.443,-0.019 ,4329874 
12-Aug-2016,58.117,0.001 ,4395273 
15-Aug-2016,58.537,0.004 ,2708901 
16-Aug-2016,58.475,-0.004 ,3271475 
17-Aug-2016,56.670,-0.026 ,6372697 
18-Aug-2016,56.193,-0.012 ,4316515 
19-Aug-2016,55.998,0.005 ,2114342 
22-Aug-2016,55.696,-0.004 ,2485948 
23-Aug-2016,56.237,0.010 ,2596089 
24-Aug-2016,56.679,0.008 ,2530008 
25-Aug-2016,56.351,-0.006 ,2072246 
26-Aug-2016,55.406,-0.010 ,4685969 
29-Aug-2016,54.967,-0.008 ,2904787 
30-Aug-2016,54.740,0.004 ,2403744 
31-Aug-2016,53.958,-0.015 ,6289559 
01-Sep-2016,53.997,-0.004 ,2982612 
02-Sep-2016,53.679,-0.008 ,3370159 
05-Sep-2016,54.796,0.020 ,2493060 
06-Sep-2016,55.155,-0.008 ,2054767 
07-Sep-2016,55.668,0.011 ,3360622 
08-Sep-2016,55.054,-0.007 ,3063887 
09-Sep-2016,53.422,-0.017 ,3309369 
12-Sep-2016,53.107,-0.009 ,5017120 
13-Sep-2016,51.861,-0.010 ,4800065 
14-Sep-2016,52.381,0.009 ,4627086 
15-Sep-2016,53.725,0.019 ,5687281 
16-Sep-2016,54.093,0.010 ,4693510 
19-Sep-2016,54.396,-0.000 ,683497 
20-Sep-2016,54.872,0.006 ,2664324 
21-Sep-2016,55.564,0.004 ,3203713 
22-Sep-2016,55.695,-0.000 ,1993643 
23-Sep-2016,55.916,0.007 ,3604714 
26-Sep-2016,56.048,0.000 ,1815203 
27-Sep-2016,55.732,-0.010 ,3196255 
28-Sep-2016,56.083,0.003 ,2214260 
29-Sep-2016,56.103,0.008 ,2286690 
30-Sep-2016,55.415,-0.015 ,5952567 
03-Oct-2016,56.375,0.015 ,1991620 
04-Oct-2016,55.847,-0.003 ,2115443 
05-Oct-2016,56.090,0.004 ,2102700 
06-Oct-2016,56.228,0.008 ,2179318 
07-Oct-2016,56.343,0.003 ,2420408 
10-Oct-2016,56.756,0.003 ,3195090 
11-Oct-2016,56.219,-0.000 ,2358190 
12-Oct-2016,56.692,0.005 ,2726864 
13-Oct-2016,56.404,-0.006 ,2513524 
14-Oct-2016,56.763,0.001 ,2258314 
17-Oct-2016,56.707,-0.003 ,2544333 
18-Oct-2016,57.151,0.003 ,2662749 
19-Oct-2016,57.707,0.002 ,2343519 
20-Oct-2016,56.867,-0.002 ,2268146 
21-Oct-2016,56.939,0.004 ,2682010 
24-Oct-2016,56.817,-0.003 ,1762900 
25-Oct-2016,57.514,0.007 ,2230946 
26-Oct-2016,56.748,-0.014 ,3041064 
27-Oct-2016,55.385,-0.016 ,2904062 
28-Oct-2016,55.253,-0.003 ,3877835 
31-Oct-2016,55.843,0.009 ,2401480 
01-Nov-2016,55.654,-0.009 ,1849870 
02-Nov-2016,55.268,-0.008 ,2477399 
03-Nov-2016,54.982,-0.008 ,2329571 
04-Nov-2016,54.449,-0.009 ,2421960 
07-Nov-2016,56.029,0.022 ,2374165 
08-Nov-2016,55.934,-0.006 ,2526134 
09-Nov-2016,54.110,-0.016 ,5019098 
10-Nov-2016,55.758,0.033 ,3332425 
11-Nov-2016,57.214,0.034 ,6081494 
14-Nov-2016,57.516,0.005 ,3449889 
15-Nov-2016,57.751,0.003 ,3319291 
16-Nov-2016,57.483,0.006 ,3244508 
17-Nov-2016,56.752,-0.003 ,3214291 
18-Nov-2016,56.354,0.003 ,3018377 
21-Nov-2016,56.607,0.000 ,1922951 
22-Nov-2016,57.276,0.007 ,2581461 
23-Nov-2016,57.905,0.013 ,3158139 
24-Nov-2016,58.085,0.000 ,2365516 
25-Nov-2016,58.080,-0.003 ,5692079 
28-Nov-2016,57.805,-0.011 ,1692415 
29-Nov-2016,58.188,0.006 ,3441918 
30-Nov-2016,58.059,0.011 ,5108199 
01-Dec-2016,58.964,0.011 ,3388408 
02-Dec-2016,58.636,-0.012 ,2369831 
05-Dec-2016,58.042,-0.012 ,1973841 
06-Dec-2016,58.196,0.004 ,2213262 
07-Dec-2016,59.308,0.017 ,2427876 
08-Dec-2016,59.471,0.005 ,2708344 
09-Dec-2016,60.107,0.012 ,3383119 
12-Dec-2016,60.658,0.003 ,2327789 
13-Dec-2016,60.269,-0.007 ,2324519 
14-Dec-2016,60.089,0.010 ,2872286 
15-Dec-2016,59.311,-0.007 ,4138194 
16-Dec-2016,59.206,0.005 ,4286670 
19-Dec-2016,58.996,0.005 ,2525178 
20-Dec-2016,59.720,0.010 ,2530423 
21-Dec-2016,59.392,-0.002 ,2089953 
22-Dec-2016,59.653,0.007 ,2482097 
23-Dec-2016,59.235,-0.002 ,7066628 
28-Dec-2016,59.783,0.010 ,1962525 
29-Dec-2016,60.237,0.002 ,1437162 
30-Dec-2016,59.459,-0.013 ,1468794 
03-Jan-2017,59.938,0.007 ,1967692 
04-Jan-2017,60.893,0.008 ,2086820 
05-Jan-2017,61.512,0.003 ,2049692 
06-Jan-2017,61.339,0.003 ,2648142 
09-Jan-2017,62.683,0.013 ,2742640 
10-Jan-2017,62.487,-0.005 ,2345467 
11-Jan-2017,63.240,0.002 ,2342921 
12-Jan-2017,63.619,0.000 ,2215463 
13-Jan-2017,62.887,-0.014 ,2522301 
16-Jan-2017,62.857,0.003 ,1338272 
17-Jan-2017,63.063,-0.009 ,2778153 
18-Jan-2017,62.036,-0.008 ,2758586 
19-Jan-2017,62.482,0.000 ,1861604 
20-Jan-2017,61.617,-0.013 ,2537711 
23-Jan-2017,61.746,-0.001 ,2956811 
24-Jan-2017,61.965,0.004 ,2697276 
25-Jan-2017,62.248,0.006 ,6214145 
27-Jan-2017,62.616,0.009 ,1928520 
30-Jan-2017,62.070,-0.010 ,1591614 
31-Jan-2017,61.923,-0.006 ,3193325 
01-Feb-2017,62.188,0.004 ,1806049 
02-Feb-2017,62.778,-0.000 ,2300935 
03-Feb-2017,62.755,-0.004 ,1758749 
06-Feb-2017,62.719,0.003 ,2495052 
07-Feb-2017,62.143,-0.005 ,2538039 
08-Feb-2017,62.957,0.010 ,2112168 
09-Feb-2017,62.447,-0.005 ,2526443 
10-Feb-2017,63.576,0.012 ,2276343 
13-Feb-2017,63.510,0.003 ,1688054 
14-Feb-2017,63.295,-0.006 ,2153710 
15-Feb-2017,65.156,0.023 ,4017264 
16-Feb-2017,65.461,0.007 ,3781716 
17-Feb-2017,65.486,0.004 ,3780383 
20-Feb-2017,66.030,0.006 ,2384410 
21-Feb-2017,65.950,0.000 ,3305349 
22-Feb-2017,64.474,-0.026 ,7963927 
23-Feb-2017,64.388,-0.003 ,3228480 
24-Feb-2017,63.668,-0.006 ,4220843 
27-Feb-2017,63.086,-0.009 ,3312611 
28-Feb-2017,63.033,0.001 ,3728828 
01-Mar-2017,63.548,0.006 ,2778610 
02-Mar-2017,63.490,0.013 ,2440705 
03-Mar-2017,63.182,-0.008 ,1754994 
06-Mar-2017,63.259,0.004 ,1419448 
07-Mar-2017,63.357,0.000 ,2161261 
08-Mar-2017,62.639,-0.004 ,2020119 
09-Mar-2017,62.681,0.004 ,1824392 
10-Mar-2017,63.713,0.012 ,3148541 
13-Mar-2017,63.790,-0.002 ,1510473 
14-Mar-2017,63.858,0.002 ,2388381 
15-Mar-2017,65.371,0.004 ,2187578 
16-Mar-2017,64.901,-0.003 ,5042921 
17-Mar-2017,65.257,0.003 ,2872248 
20-Mar-2017,65.256,-0.004 ,1200277 
21-Mar-2017,64.902,-0.000 ,1817155 
22-Mar-2017,63.488,-0.020 ,3185116 
23-Mar-2017,63.258,0.003 ,2794213 
24-Mar-2017,63.552,0.005 ,2079658 
27-Mar-2017,63.509,0.000 ,2770782 
28-Mar-2017,65.079,0.022 ,4359013 
29-Mar-2017,66.044,0.010 ,3605758 
30-Mar-2017,66.101,0.004 ,2691755 
31-Mar-2017,65.532,-0.007 ,5692472 
03-Apr-2017,65.665,0.006 ,1753298 
04-Apr-2017,64.989,-0.005 ,1752542 
05-Apr-2017,65.060,0.001 ,3171203 
06-Apr-2017,63.974,-0.014 ,2770424 
07-Apr-2017,63.535,-0.000 ,2630263 
10-Apr-2017,64.118,0.008 ,2156492 
11-Apr-2017,64.541,0.007 ,2693938 
12-Apr-2017,65.183,0.007 ,2830371 
13-Apr-2017,65.265,-0.005 ,1787101 
18-Apr-2017,64.646,-0.009 ,2575349 
19-Apr-2017,63.414,-0.010 ,4178388 
20-Apr-2017,64.069,0.006 ,2038116 
21-Apr-2017,64.590,0.006 ,1959863 
24-Apr-2017,65.242,0.007 ,2042180 
26-Apr-2017,65.089,0.010 ,3687917 
27-Apr-2017,65.403,0.006 ,3015091 
28-Apr-2017,65.410,-0.003 ,5588829 
01-May-2017,65.796,0.001 ,2857545 
02-May-2017,65.426,-0.007 ,3788195 
03-May-2017,63.338,-0.017 ,3504467 
04-May-2017,62.686,-0.008 ,3812058 
05-May-2017,62.608,-0.003 ,3176468 
08-May-2017,63.003,0.011 ,3038821 
09-May-2017,60.235,-0.038 ,6053564 
10-May-2017,60.178,-0.004 ,5545634 
11-May-2017,60.535,0.004 ,3514061 
12-May-2017,60.313,-0.005 ,2360590 
15-May-2017,60.956,0.007 ,2715933 
16-May-2017,61.346,0.004 ,2487053 
17-May-2017,60.169,-0.020 ,2517183 
18-May-2017,59.929,-0.002 ,3755954 
19-May-2017,59.844,-0.007 ,2778823 
22-May-2017,60.749,0.013 ,2390744 
23-May-2017,60.495,-0.004 ,1957715 
24-May-2017,60.766,0.001 ,2510225 
25-May-2017,60.555,0.003 ,2409723 
26-May-2017,59.672,-0.014 ,5605604 
29-May-2017,58.663,-0.016 ,3602822 
30-May-2017,59.294,0.007 ,2882295 
31-May-2017,59.172,0.003 ,5964569 
01-Jun-2017,58.696,-0.000 ,2564771 
02-Jun-2017,59.811,0.010 ,2916748 
05-Jun-2017,59.348,-0.013 ,3534212 
06-Jun-2017,58.659,-0.015 ,3629209 
07-Jun-2017,59.236,0.004 ,2732421 
08-Jun-2017,59.619,0.007 ,2149650 
09-Jun-2017,59.598,0.002 ,2233945 
13-Jun-2017,61.131,0.024 ,4117682 
14-Jun-2017,62.425,0.014 ,5736170 
15-Jun-2017,61.896,-0.007 ,10569256 
16-Jun-2017,62.344,0.002 ,2920351 
19-Jun-2017,62.871,0.011 ,2477905 
20-Jun-2017,62.329,-0.007 ,4348940 
21-Jun-2017,61.004,-0.018 ,3260528 
22-Jun-2017,61.746,0.013 ,2808912 
23-Jun-2017,61.465,-0.008 ,2976353 
26-Jun-2017,61.831,0.004 ,2923487 
27-Jun-2017,62.233,0.006 ,2265951 
28-Jun-2017,63.190,0.008 ,2878203 
29-Jun-2017,64.544,0.016 ,3805387 
30-Jun-2017,63.648,-0.014 ,7045122 
03-Jul-2017,63.149,-0.004 ,2255385 
04-Jul-2017,63.840,0.019 ,4322331 
05-Jul-2017,63.566,-0.004 ,2363393 
06-Jul-2017,62.963,-0.008 ,2456675 
07-Jul-2017,62.460,-0.011 ,3770476 
10-Jul-2017,62.977,0.008 ,2873284 
11-Jul-2017,63.316,0.002 ,2325760 
12-Jul-2017,63.027,-0.010 ,3007799 
13-Jul-2017,63.786,0.005 ,2903674 
14-Jul-2017,65.066,0.007 ,2669648 
17-Jul-2017,64.677,-0.002 ,1406194 
18-Jul-2017,64.428,-0.019 ,3623819 
19-Jul-2017,66.621,0.030 ,5554084 
20-Jul-2017,67.284,0.009 ,4596038 
21-Jul-2017,66.429,-0.007 ,2540691 
24-Jul-2017,66.204,-0.005 ,2062552 
25-Jul-2017,66.885,0.008 ,2286026 
26-Jul-2017,67.857,0.006 ,2021200 
27-Jul-2017,67.725,0.003 ,1862642 
28-Jul-2017,66.891,-0.015 ,5459225 
31-Jul-2017,67.001,-0.000 ,2217082 
01-Aug-2017,67.353,0.010 ,3191137 
02-Aug-2017,67.064,-0.004 ,1636016 
03-Aug-2017,66.739,-0.003 ,2372029 
04-Aug-2017,63.946,-0.039 ,9239819 
07-Aug-2017,64.491,0.010 ,4595336 
08-Aug-2017,63.810,-0.011 ,3861332 
09-Aug-2017,63.963,0.006 ,4336391 
10-Aug-2017,63.819,-0.001 ,5300676 
11-Aug-2017,63.506,-0.007 ,4740282 
14-Aug-2017,63.820,0.010 ,3023668 
15-Aug-2017,63.521,-0.001 ,2846024 
16-Aug-2017,63.249,-0.017 ,4991112 
17-Aug-2017,62.717,-0.004 ,3543830 
18-Aug-2017,62.695,-0.006 ,3307759 
21-Aug-2017,62.218,-0.009 ,4785442 
22-Aug-2017,62.197,0.003 ,2779226 
23-Aug-2017,61.802,-0.006 ,3888666 
24-Aug-2017,61.265,-0.008 ,4899752 
25-Aug-2017,61.655,0.002 ,4825992 
28-Aug-2017,61.052,-0.013 ,4353930 
29-Aug-2017,60.182,-0.012 ,5740096 
30-Aug-2017,59.573,-0.005 ,4795687 
31-Aug-2017,60.231,0.006 ,4751356 
01-Sep-2017,60.135,-0.004 ,4684590 
04-Sep-2017,59.096,-0.014 ,3810853 
05-Sep-2017,59.635,0.002 ,5131918 
06-Sep-2017,58.952,-0.012 ,3618617 
07-Sep-2017,59.524,0.004 ,3214877 
08-Sep-2017,59.017,-0.010 ,3349581 
11-Sep-2017,59.616,0.014 ,2813596 
12-Sep-2017,60.873,0.022 ,4825830 
13-Sep-2017,61.117,0.008 ,2788007 
14-Sep-2017,61.438,0.003 ,2968713 
15-Sep-2017,61.032,-0.006 ,3774238 
18-Sep-2017,61.045,0.005 ,2991037 
19-Sep-2017,61.092,-0.005 ,2185898 
20-Sep-2017,61.269,0.000 ,1621577 
21-Sep-2017,60.331,-0.003 ,4104401 
22-Sep-2017,61.005,0.007 ,2170239 
25-Sep-2017,60.148,-0.011 ,2003512 
26-Sep-2017,59.224,-0.009 ,2552948 
27-Sep-2017,58.742,-0.003 ,2688235 
28-Sep-2017,59.014,0.004 ,2961838 
29-Sep-2017,58.943,0.002 ,4989845 
02-Oct-2017,59.736,0.014 ,2338695 
03-Oct-2017,58.880,-0.015 ,3317515 
04-Oct-2017,59.287,0.003 ,3880298 
05-Oct-2017,58.704,-0.001 ,1854762 
06-Oct-2017,59.277,0.013 ,2659635 
09-Oct-2017,59.466,0.005 ,2033172 
10-Oct-2017,59.370,-0.005 ,1578815 
11-Oct-2017,59.454,0.000 ,2088704 
12-Oct-2017,59.745,0.001 ,1863391 
13-Oct-2017,60.469,0.003 ,1728054 
16-Oct-2017,60.602,0.007 ,2349172 
17-Oct-2017,61.372,0.014 ,3051278 
18-Oct-2017,61.473,0.002 ,2040078 
19-Oct-2017,62.039,0.005 ,2991650 
20-Oct-2017,61.739,0.003 ,1830548 
23-Oct-2017,61.418,-0.004 ,1604897 
24-Oct-2017,61.158,-0.000 ,1627596 
25-Oct-2017,60.568,-0.000 ,1788933 
26-Oct-2017,60.506,0.005 ,2283904 
27-Oct-2017,60.057,-0.009 ,4046736 
30-Oct-2017,60.051,-0.002 ,1583550 
31-Oct-2017,59.426,-0.006 ,1887247 
01-Nov-2017,59.612,0.001 ,2665668 
02-Nov-2017,59.699,-0.003 ,1989473 
03-Nov-2017,59.509,0.005 ,1382869 
06-Nov-2017,59.521,-0.005 ,1712484 
07-Nov-2017,59.776,0.010 ,1956778 
08-Nov-2017,61.607,0.026 ,5921525 
09-Nov-2017,62.146,0.008 ,3575732 
10-Nov-2017,61.939,-0.001 ,1869028 
13-Nov-2017,62.127,0.008 ,2477127 
14-Nov-2017,61.657,-0.009 ,2305322 
15-Nov-2017,61.136,-0.003 ,2686552 
16-Nov-2017,61.318,0.003 ,2280307 
17-Nov-2017,61.216,0.001 ,1810176 
20-Nov-2017,60.852,-0.004 ,1964641 
21-Nov-2017,61.063,-0.000 ,1968535 
22-Nov-2017,61.727,0.006 ,2826948 
23-Nov-2017,61.647,-0.002 ,2280393 
24-Nov-2017,61.330,-0.004 ,4357002 
27-Nov-2017,61.188,-0.001 ,1984410 
28-Nov-2017,61.033,-0.002 ,2758590 
29-Nov-2017,61.302,0.008 ,2455168 
30-Nov-2017,60.097,-0.019 ,7647062 
01-Dec-2017,60.241,-0.003 ,2462019 
04-Dec-2017,59.963,-0.003 ,2255875 
05-Dec-2017,59.874,-0.002 ,2002301 
06-Dec-2017,59.445,-0.002 ,2528041 
07-Dec-2017,59.314,0.005 ,2897735 
08-Dec-2017,59.747,0.008 ,1646492 
11-Dec-2017,60.192,0.005 ,2437262 
12-Dec-2017,60.728,0.004 ,1774262 
13-Dec-2017,61.325,-0.001 ,2179700 
14-Dec-2017,61.657,0.002 ,2587433 
15-Dec-2017,61.106,-0.006 ,3591509 
18-Dec-2017,61.296,0.001 ,2198711 
19-Dec-2017,61.542,0.004 ,2519546 
20-Dec-2017,61.765,0.003 ,2436692 
21-Dec-2017,61.454,-0.009 ,4684411 
22-Dec-2017,62.021,0.007 ,5288058 
27-Dec-2017,62.260,-0.003 ,1054327 
28-Dec-2017,62.750,0.004 ,1610000 
29-Dec-2017,62.673,-0.002 ,1459457 
02-Jan-2018,62.804,-0.001 ,1284609 
03-Jan-2018,62.790,-0.001 ,1349269 
04-Jan-2018,62.880,-0.002 ,1596303 
05-Jan-2018,63.808,0.015 ,2208531 
08-Jan-2018,63.990,0.006 ,1293549 
09-Jan-2018,64.297,0.007 ,3283522 
10-Jan-2018,63.999,-0.007 ,1944703 
11-Jan-2018,64.146,-0.004 ,2791094 
12-Jan-2018,63.992,-0.005 ,1781313 
15-Jan-2018,64.636,0.004 ,1431419 
16-Jan-2018,64.142,-0.007 ,1518213 
17-Jan-2018,63.840,-0.006 ,2066964 
18-Jan-2018,63.904,-0.003 ,2093401 
19-Jan-2018,63.784,-0.001 ,1557603 
22-Jan-2018,63.214,-0.012 ,2414568 
23-Jan-2018,63.368,0.005 ,2033594 
24-Jan-2018,63.400,-0.008 ,1923320 
25-Jan-2018,63.140,0.000 ,3723004 
29-Jan-2018,64.080,0.007 ,2385820 
30-Jan-2018,63.920,-0.001 ,1702998 
31-Jan-2018,63.522,-0.003 ,2953798 
01-Feb-2018,64.312,0.014 ,2959870 
02-Feb-2018,63.985,0.010 ,2631703 
05-Feb-2018,62.858,-0.012 ,2393475 
06-Feb-2018,61.185,-0.030 ,5684063 
07-Feb-2018,60.057,-0.008 ,5676630 
08-Feb-2018,59.517,-0.004 ,3493180 
09-Feb-2018,59.567,-0.003 ,3621859 
12-Feb-2018,59.626,-0.005 ,3411170 
13-Feb-2018,59.964,0.006 ,3334988 
14-Feb-2018,58.614,-0.030 ,4217278 
15-Feb-2018,58.667,-0.002 ,3596362 
16-Feb-2018,58.550,0.002 ,2222914 
19-Feb-2018,58.858,0.005 ,1449284 
20-Feb-2018,58.525,-0.002 ,2238370 
21-Feb-2018,58.000,0.001 ,2210925 
22-Feb-2018,58.563,0.004 ,2473068 
23-Feb-2018,59.176,0.011 ,4526316 
26-Feb-2018,60.161,0.015 ,3450024 
27-Feb-2018,59.788,0.002 ,2736893 
28-Feb-2018,59.286,-0.005 ,3744085 
01-Mar-2018,58.977,-0.004 ,1695236 
02-Mar-2018,58.782,-0.004 ,2447987 
05-Mar-2018,58.253,-0.009 ,1541207 
06-Mar-2018,59.243,0.009 ,2280493 
07-Mar-2018,58.782,-0.007 ,2458242 
08-Mar-2018,59.329,0.014 ,3278343 
09-Mar-2018,60.335,0.009 ,2944053 
12-Mar-2018,60.898,0.006 ,2828994 
13-Mar-2018,60.538,-0.004 ,2990565 
14-Mar-2018,60.298,-0.006 ,3068664 
15-Mar-2018,59.093,-0.010 ,4006228 
16-Mar-2018,58.125,-0.006 ,3791783 
19-Mar-2018,57.793,-0.006 ,2364077 
20-Mar-2018,57.761,0.004 ,2354537 
21-Mar-2018,58.843,0.008 ,1926293 
22-Mar-2018,57.583,-0.012 ,2530879 
23-Mar-2018,56.034,-0.028 ,3617914 
26-Mar-2018,55.787,-0.011 ,3114044 
27-Mar-2018,55.605,0.006 ,2576258 
28-Mar-2018,55.038,-0.008 ,3132651 
29-Mar-2018,55.512,0.006 ,5292851 
03-Apr-2018,55.518,-0.001 ,2658450 
04-Apr-2018,56.172,0.007 ,3646590 
05-Apr-2018,56.708,0.014 ,3530929 
06-Apr-2018,56.404,-0.004 ,2268366 
09-Apr-2018,56.611,0.001 ,1313607 
10-Apr-2018,57.696,0.011 ,1945119 
11-Apr-2018,57.100,-0.010 ,2523325 
12-Apr-2018,56.674,-0.007 ,2961071 
13-Apr-2018,56.816,0.001 ,1252551 
16-Apr-2018,56.484,-0.007 ,2001961 
17-Apr-2018,56.491,0.002 ,1905309 
18-Apr-2018,56.349,-0.005 ,1826752 
19-Apr-2018,55.951,-0.000 ,3221191 
20-Apr-2018,55.284,-0.005 ,2148031 
23-Apr-2018,55.258,0.008 ,2343315 
24-Apr-2018,55.852,0.011 ,3665086 
26-Apr-2018,54.585,-0.016 ,4384515 
27-Apr-2018,54.234,-0.010 ,5975530 
30-Apr-2018,54.088,0.004 ,3843213 
01-May-2018,54.797,0.019 ,4045489 
02-May-2018,55.051,0.004 ,2558361 
03-May-2018,55.647,0.006 ,2782258 
04-May-2018,54.861,-0.016 ,2546384 
07-May-2018,54.649,-0.001 ,2111927 
08-May-2018,54.758,0.011 ,2956389 
09-May-2018,53.286,-0.028 ,6582126 
10-May-2018,53.462,-0.006 ,3695222 
11-May-2018,53.194,-0.006 ,3779356 
14-May-2018,53.277,0.004 ,3586761 
15-May-2018,52.984,0.002 ,2937818 
16-May-2018,53.192,-0.002 ,3869986 
17-May-2018,53.434,0.005 ,4310845 
18-May-2018,52.953,-0.009 ,3110054 
21-May-2018,53.135,-0.006 ,2261388 
22-May-2018,53.214,0.002 ,3279548 
23-May-2018,52.769,-0.006 ,2601288 
24-May-2018,52.707,-0.003 ,2763549 
25-May-2018,52.738,0.004 ,3450605 
28-May-2018,52.514,-0.004 ,2140947 
29-May-2018,52.791,0.011 ,2498273 
30-May-2018,52.722,-0.011 ,3208843 
31-May-2018,52.439,-0.004 ,3431942 
01-Jun-2018,51.979,-0.009 ,2428795 
04-Jun-2018,53.264,0.014 ,3124044 
05-Jun-2018,53.602,0.010 ,4014148 
06-Jun-2018,53.072,-0.016 ,3993516 
07-Jun-2018,52.811,0.000 ,2381711 
08-Jun-2018,52.714,0.002 ,1568016 
12-Jun-2018,52.126,-0.007 ,4098851 
13-Jun-2018,51.653,-0.010 ,3075419 
14-Jun-2018,50.439,-0.011 ,3419047 
15-Jun-2018,51.321,0.023 ,5922177 
18-Jun-2018,51.724,0.010 ,2366307 
19-Jun-2018,51.578,0.003 ,3044721 
20-Jun-2018,52.976,0.029 ,4092599 
21-Jun-2018,53.793,0.014 ,7429516 
22-Jun-2018,54.944,0.013 ,4421609 
25-Jun-2018,53.492,-0.023 ,3647015 
26-Jun-2018,53.828,0.009 ,2708542 
27-Jun-2018,53.296,-0.003 ,2981498 
28-Jun-2018,53.839,0.009 ,2567273 
29-Jun-2018,53.938,-0.005 ,6091515 
02-Jul-2018,53.355,-0.002 ,2049487 
03-Jul-2018,54.627,0.017 ,3661537 
04-Jul-2018,54.310,-0.005 ,2065495 
05-Jul-2018,54.996,0.012 ,2909740 
06-Jul-2018,56.231,0.016 ,3448135 
09-Jul-2018,56.816,0.006 ,4637959 
10-Jul-2018,55.510,-0.022 ,4469531 
11-Jul-2018,54.538,-0.005 ,3101381 
12-Jul-2018,55.700,0.016 ,2733149 
13-Jul-2018,55.561,-0.005 ,2677839 
16-Jul-2018,55.071,-0.008 ,2301570 
17-Jul-2018,55.018,0.003 ,2343133 
18-Jul-2018,55.492,0.007 ,2298934 
19-Jul-2018,55.472,0.005 ,2279788 
20-Jul-2018,56.325,0.007 ,2547182 
23-Jul-2018,55.519,-0.009 ,1861469 
24-Jul-2018,55.776,-0.001 ,2128578 
25-Jul-2018,55.719,-0.005 ,2599361 
26-Jul-2018,55.195,0.001 ,3157794 
27-Jul-2018,55.766,0.007 ,4827208 
30-Jul-2018,55.456,-0.006 ,1998436 
31-Jul-2018,55.539,-0.001 ,2548855 
01-Aug-2018,54.568,-0.014 ,3369098 
02-Aug-2018,54.214,-0.000 ,2325541 
03-Aug-2018,53.887,-0.012 ,3887709 
06-Aug-2018,54.332,0.010 ,2115641 
07-Aug-2018,54.084,-0.009 ,4048916 
08-Aug-2018,55.591,0.026 ,5169053 
09-Aug-2018,55.548,0.007 ,3201984 
10-Aug-2018,55.042,0.000 ,3958293 
13-Aug-2018,54.467,-0.006 ,2645144 
14-Aug-2018,54.953,0.012 ,4051535 
15-Aug-2018,53.546,-0.025 ,6162789 
16-Aug-2018,53.804,0.002 ,4713252 
17-Aug-2018,54.306,0.002 ,2242154 
20-Aug-2018,54.023,-0.009 ,3469377 
21-Aug-2018,53.757,-0.009 ,3141486 
22-Aug-2018,52.803,-0.015 ,2972060 
23-Aug-2018,51.244,-0.016 ,3832474 
24-Aug-2018,51.920,0.002 ,4531175 
27-Aug-2018,52.325,0.004 ,2364302 
28-Aug-2018,52.628,0.008 ,3550699 
29-Aug-2018,53.517,0.021 ,5131093 
30-Aug-2018,52.403,-0.015 ,3989330 
31-Aug-2018,51.222,-0.013 ,5194621 
03-Sep-2018,51.350,-0.000 ,1750708 
04-Sep-2018,50.763,-0.007 ,2475205 
05-Sep-2018,50.402,-0.009 ,1947291 
06-Sep-2018,50.508,0.000 ,3176757 
07-Sep-2018,50.104,0.005 ,2666080 
10-Sep-2018,50.332,0.003 ,2051342 
11-Sep-2018,51.186,0.016 ,3077588 
12-Sep-2018,51.559,0.001 ,4798543 
13-Sep-2018,51.193,-0.010 ,2717823 
14-Sep-2018,51.123,0.004 ,2833016 
17-Sep-2018,51.516,0.003 ,1690695 
18-Sep-2018,51.912,0.002 ,2245087 
19-Sep-2018,52.359,0.002 ,2382725 
20-Sep-2018,52.393,-0.003 ,3784284 
21-Sep-2018,52.437,0.001 ,4091895 
24-Sep-2018,51.903,-0.005 ,1951825 
25-Sep-2018,51.330,-0.011 ,1985559 
26-Sep-2018,50.923,-0.009 ,3399090 
27-Sep-2018,50.500,-0.001 ,2499328 
28-Sep-2018,51.615,0.019 ,5646364 
01-Oct-2018,50.864,-0.014 ,2063204 
02-Oct-2018,49.993,-0.012 ,3539461 
03-Oct-2018,49.437,0.001 ,1927070 
04-Oct-2018,49.447,0.004 ,2476990 
05-Oct-2018,49.357,0.001 ,2107747 
08-Oct-2018,49.072,-0.009 ,2036713 
09-Oct-2018,48.826,-0.009 ,2950342 
10-Oct-2018,48.693,0.003 ,2663207 
11-Oct-2018,47.724,-0.029 ,3629075 
12-Oct-2018,47.705,0.000 ,4588852 
15-Oct-2018,46.794,-0.021 ,3114956 
16-Oct-2018,46.960,0.002 ,2766720 
17-Oct-2018,47.552,0.017 ,2588079 
18-Oct-2018,47.719,0.005 ,2772564 
19-Oct-2018,48.359,0.010 ,2694039 
22-Oct-2018,47.670,-0.009 ,2152964 
23-Oct-2018,47.187,-0.011 ,2236402 
24-Oct-2018,47.190,0.004 ,2234525 
25-Oct-2018,46.205,-0.024 ,3656808 
26-Oct-2018,46.686,0.008 ,6297268 
29-Oct-2018,47.015,0.013 ,1962573 
30-Oct-2018,48.428,0.023 ,2835199 
31-Oct-2018,48.966,0.016 ,4697573 
01-Nov-2018,49.671,-0.004 ,4650596 
02-Nov-2018,49.191,-0.009 ,3697329 
05-Nov-2018,49.007,-0.005 ,2088395 
06-Nov-2018,49.961,0.014 ,1716381 
07-Nov-2018,50.445,0.006 ,3047152 
08-Nov-2018,51.242,0.018 ,3533519 
09-Nov-2018,51.254,0.005 ,2818344 
12-Nov-2018,51.473,0.012 ,2384638 
13-Nov-2018,51.168,-0.012 ,3900383 
14-Nov-2018,50.067,-0.024 ,3378631 
15-Nov-2018,50.103,-0.005 ,3253977 
16-Nov-2018,50.531,0.001 ,2008024 
19-Nov-2018,49.957,-0.006 ,2192091 
20-Nov-2018,49.914,0.010 ,3281333 
21-Nov-2018,50.871,0.012 ,3504716 
22-Nov-2018,51.235,0.008 ,2633051 
23-Nov-2018,51.578,0.009 ,3277567 
26-Nov-2018,51.522,0.001 ,4536943 
27-Nov-2018,52.157,0.012 ,3378679 
28-Nov-2018,52.655,-0.002 ,2672431 
29-Nov-2018,53.004,0.005 ,3424908 
30-Nov-2018,52.105,-0.017 ,7590949 
03-Dec-2018,52.625,0.004 ,2476218 
04-Dec-2018,51.946,-0.010 ,2685903 
05-Dec-2018,50.876,-0.011 ,2666241 
06-Dec-2018,50.406,-0.005 ,2910742 
07-Dec-2018,50.659,0.010 ,2548553 
10-Dec-2018,49.079,-0.030 ,3972773 
11-Dec-2018,49.311,0.002 ,2558095 
12-Dec-2018,50.591,0.024 ,3753951 
13-Dec-2018,50.712,0.001 ,2098764 
14-Dec-2018,49.378,-0.020 ,3842203 
17-Dec-2018,49.673,0.007 ,3069368 
18-Dec-2018,49.255,-0.010 ,3125139 
19-Dec-2018,49.323,0.012 ,4300599 
20-Dec-2018,48.995,-0.007 ,4793001 
21-Dec-2018,48.155,-0.006 ,9441177 
24-Dec-2018,48.446,0.002 ,1285325 
27-Dec-2018,49.463,0.024 ,2558888 
28-Dec-2018,50.632,0.022 ,3546188 
31-Dec-2018,51.028,0.007 ,2208331 
02-Jan-2019,49.566,-0.020 ,2858639 
03-Jan-2019,50.324,0.012 ,3345567 
04-Jan-2019,51.128,0.001 ,3501951 
07-Jan-2019,51.866,0.009 ,2615597 
08-Jan-2019,51.736,-0.001 ,2363648 
09-Jan-2019,51.861,-0.002 ,2317350 
10-Jan-2019,52.055,0.002 ,2617459 
11-Jan-2019,51.703,-0.011 ,2187613 
14-Jan-2019,51.747,0.004 ,2511661 
15-Jan-2019,52.308,0.010 ,2350615 
16-Jan-2019,51.989,-0.001 ,2463396 
17-Jan-2019,52.329,0.003 ,2510233 
18-Jan-2019,52.484,0.006 ,1943242 
21-Jan-2019,52.289,-0.002 ,1412257 
22-Jan-2019,51.407,-0.012 ,2142852 
23-Jan-2019,51.508,-0.001 ,1979598 
24-Jan-2019,51.439,0.005 ,1862511 
25-Jan-2019,52.098,0.000 ,5756348 
29-Jan-2019,51.037,-0.016 ,2569527 
30-Jan-2019,51.621,-0.002 ,3204973 
31-Jan-2019,50.838,-0.019 ,4965542 
01-Feb-2019,50.569,-0.002 ,3143318 
04-Feb-2019,50.785,0.008 ,2595413 
05-Feb-2019,53.242,0.047 ,7693619 
06-Feb-2019,51.568,-0.014 ,5414328 
07-Feb-2019,52.575,0.020 ,4119932 
08-Feb-2019,52.983,0.009 ,5082651 
11-Feb-2019,52.110,-0.012 ,2926427 
12-Feb-2019,52.013,-0.007 ,3431996 
13-Feb-2019,50.473,-0.029 ,6133536 
14-Feb-2019,50.154,-0.009 ,2787802 
15-Feb-2019,50.551,0.003 ,2578410 
18-Feb-2019,50.602,0.002 ,2057522 
19-Feb-2019,51.337,0.010 ,2952891 
20-Feb-2019,51.330,-0.000 ,2514470 
21-Feb-2019,51.843,0.020 ,4539658 
22-Feb-2019,52.633,0.010 ,4838373 
25-Feb-2019,52.849,-0.001 ,2485374 
26-Feb-2019,52.566,-0.008 ,2069074 
27-Feb-2019,52.571,0.007 ,2223896 
28-Feb-2019,52.460,0.004 ,3968439 
01-Mar-2019,52.640,0.005 ,3554240 
04-Mar-2019,52.516,-0.004 ,2261615 
05-Mar-2019,52.449,0.000 ,2616966 
06-Mar-2019,52.564,0.009 ,3025463 
07-Mar-2019,52.373,-0.001 ,3135990 
08-Mar-2019,51.555,-0.020 ,3624931 
11-Mar-2019,51.710,-0.000 ,2164041 
12-Mar-2019,51.776,-0.000 ,2355849 
13-Mar-2019,51.814,-0.001 ,2971382 
14-Mar-2019,51.518,-0.002 ,2031806 
15-Mar-2019,51.246,-0.009 ,5551817 
18-Mar-2019,51.000,-0.007 ,3044657 
19-Mar-2019,50.552,-0.007 ,2794705 
20-Mar-2019,50.367,-0.008 ,3282179 
21-Mar-2019,50.581,0.005 ,4797875 
22-Mar-2019,50.587,0.004 ,1612285 
25-Mar-2019,50.332,-0.009 ,2792861 
26-Mar-2019,50.444,-0.001 ,2274251 
27-Mar-2019,50.183,0.002 ,2413219 
28-Mar-2019,50.169,0.001 ,2707732 
29-Mar-2019,50.112,-0.004 ,5134907 
01-Apr-2019,50.744,0.010 ,1893435 
02-Apr-2019,50.466,0.000 ,2267274 
03-Apr-2019,50.773,0.000 ,2582854 
04-Apr-2019,50.652,-0.002 ,2364739 
05-Apr-2019,50.367,-0.005 ,2601681 
08-Apr-2019,50.360,-0.003 ,2025431 
09-Apr-2019,50.032,-0.006 ,2741284 
10-Apr-2019,50.728,0.007 ,2079661 
11-Apr-2019,50.046,-0.007 ,3282063 
12-Apr-2019,51.366,0.019 ,3170599 
15-Apr-2019,51.782,0.008 ,2279880 
16-Apr-2019,52.155,0.007 ,2535090 
17-Apr-2019,52.607,0.008 ,2583116 
18-Apr-2019,52.488,0.002 ,2739790 
23-Apr-2019,52.690,0.011 ,3027492 
24-Apr-2019,52.725,0.013 ,6858049 
26-Apr-2019,53.109,0.004 ,2906927 
29-Apr-2019,52.990,-0.005 ,1634382 
30-Apr-2019,52.522,-0.008 ,2336279 
01-May-2019,52.948,0.013 ,2275425 
02-May-2019,52.402,-0.008 ,1967634 
03-May-2019,52.659,0.002 ,2066827 
06-May-2019,52.376,-0.001 ,1921358 
07-May-2019,52.309,-0.004 ,1890973 
08-May-2019,52.228,0.002 ,1569921 
09-May-2019,52.529,0.006 ,1893374 
10-May-2019,52.780,0.003 ,2007443 
13-May-2019,51.031,-0.025 ,3217303 
14-May-2019,50.371,-0.013 ,3135573 
15-May-2019,50.248,-0.000 ,2903634 
16-May-2019,50.539,0.011 ,3245252 
17-May-2019,50.020,-0.007 ,2939669 
20-May-2019,53.452,0.063 ,10224511 
21-May-2019,54.355,0.020 ,6145587 
22-May-2019,54.352,0.000 ,3539248 
23-May-2019,53.916,-0.011 ,3187084 
24-May-2019,54.124,0.000 ,2851840 
27-May-2019,53.704,-0.007 ,1439079 
28-May-2019,54.019,0.005 ,4159451 
29-May-2019,53.877,-0.002 ,2732763 
30-May-2019,54.044,0.004 ,3465876 
31-May-2019,54.470,0.004 ,6824504 
03-Jun-2019,54.350,-0.008 ,2379890 
04-Jun-2019,54.815,0.007 ,3044446 
05-Jun-2019,55.327,0.012 ,3016640 
06-Jun-2019,55.613,0.004 ,2906904 
07-Jun-2019,55.984,0.004 ,2342094 
11-Jun-2019,56.341,0.012 ,2954049 
12-Jun-2019,55.334,-0.013 ,2880475 
13-Jun-2019,55.594,0.007 ,2020161 
14-Jun-2019,54.818,-0.008 ,2314464 
17-Jun-2019,54.946,0.005 ,2277090 
18-Jun-2019,56.005,0.016 ,5192688 
19-Jun-2019,56.631,0.010 ,5180862 
20-Jun-2019,57.376,0.007 ,4528129 
21-Jun-2019,56.935,-0.008 ,5125760 
24-Jun-2019,57.567,0.006 ,1606761 
25-Jun-2019,57.312,-0.004 ,1912417 
26-Jun-2019,57.393,-0.002 ,3259126 
27-Jun-2019,58.166,0.010 ,2587665 
28-Jun-2019,58.112,-0.003 ,7376177 
01-Jul-2019,57.336,-0.006 ,3096997 
02-Jul-2019,56.686,-0.015 ,3516402 
03-Jul-2019,56.892,-0.001 ,3356436 
04-Jul-2019,57.254,0.008 ,2652418 
05-Jul-2019,57.409,0.008 ,2886920 
08-Jul-2019,56.652,-0.012 ,1900273 
09-Jul-2019,56.088,-0.004 ,2473175 
10-Jul-2019,56.519,0.003 ,1568529 
11-Jul-2019,56.649,0.000 ,2333901 
12-Jul-2019,57.203,0.003 ,3140331 
15-Jul-2019,57.058,-0.006 ,1575737 
16-Jul-2019,56.692,-0.003 ,1429862 
17-Jul-2019,56.997,0.006 ,1502425 
18-Jul-2019,57.576,0.001 ,1503108 
19-Jul-2019,57.808,0.009 ,2208256 
22-Jul-2019,57.573,-0.003 ,1390532 
23-Jul-2019,57.117,-0.004 ,2316067 
24-Jul-2019,57.447,0.010 ,3412330 
25-Jul-2019,57.685,0.008 ,3721233 
26-Jul-2019,57.053,-0.005 ,6715835 
29-Jul-2019,57.451,0.008 ,3280357 
30-Jul-2019,57.304,0.002 ,3120288 
31-Jul-2019,56.326,-0.013 ,3304674 
01-Aug-2019,55.698,-0.005 ,3129406 
02-Aug-2019,55.670,-0.000 ,2416525 
05-Aug-2019,54.865,-0.008 ,2892212 
06-Aug-2019,53.945,-0.017 ,4177911 
07-Aug-2019,53.162,-0.014 ,6919201 
08-Aug-2019,53.693,0.003 ,4320952 
09-Aug-2019,53.902,0.006 ,4335354 
12-Aug-2019,53.976,0.007 ,1880513 
13-Aug-2019,54.033,-0.006 ,3347281 
14-Aug-2019,51.702,-0.036 ,5584157 
15-Aug-2019,50.366,-0.030 ,5163482 
16-Aug-2019,50.931,0.010 ,3014001 
19-Aug-2019,51.587,0.016 ,2682547 
20-Aug-2019,52.263,0.011 ,3950231 
21-Aug-2019,52.219,-0.001 ,2533987 
22-Aug-2019,52.089,0.001 ,1964387 
23-Aug-2019,52.276,0.004 ,1815994 
26-Aug-2019,51.997,-0.008 ,1869454 
27-Aug-2019,52.084,0.005 ,2359061 
28-Aug-2019,51.710,-0.005 ,1997056 
29-Aug-2019,52.050,0.008 ,2988307 
30-Aug-2019,53.248,0.021 ,6147476 
02-Sep-2019,52.992,-0.001 ,1826554 
03-Sep-2019,53.232,-0.002 ,1701064 
04-Sep-2019,53.478,-0.001 ,2505318 
05-Sep-2019,53.993,0.007 ,2099227 
06-Sep-2019,54.453,0.004 ,2777704 
09-Sep-2019,54.758,0.003 ,1911398 
10-Sep-2019,54.796,0.001 ,2718563 
11-Sep-2019,55.300,0.009 ,2788624 
12-Sep-2019,55.855,0.009 ,2795277 
13-Sep-2019,56.488,0.010 ,3497608 
16-Sep-2019,56.072,-0.005 ,2995444 
17-Sep-2019,56.449,0.007 ,3399399 
18-Sep-2019,55.804,-0.006 ,2847602 
19-Sep-2019,55.792,0.005 ,5445784 
20-Sep-2019,55.619,0.000 ,4463860 
23-Sep-2019,55.572,-0.002 ,1928322 
24-Sep-2019,55.820,0.001 ,4670704 
25-Sep-2019,55.067,-0.006 ,2963344 
26-Sep-2019,54.780,-0.005 ,3127123 
27-Sep-2019,55.162,0.004 ,5336753 
30-Sep-2019,54.552,-0.009 ,2520880 
01-Oct-2019,54.474,0.006 ,2799927 
02-Oct-2019,53.356,-0.021 ,3013850 
03-Oct-2019,52.135,-0.028 ,3919413 
04-Oct-2019,52.513,0.003 ,2425173 
07-Oct-2019,52.462,0.005 ,1025724 
08-Oct-2019,52.882,0.008 ,1884181 
09-Oct-2019,52.560,-0.005 ,1503988 
10-Oct-2019,52.803,-0.001 ,1635549 
11-Oct-2019,53.461,0.009 ,2361404 
14-Oct-2019,53.562,0.004 ,1212377 
15-Oct-2019,53.550,0.003 ,957243 
16-Oct-2019,54.338,0.014 ,2925785 
17-Oct-2019,54.659,-0.004 ,3174599 
18-Oct-2019,54.593,-0.006 ,2038298 
21-Oct-2019,54.784,0.002 ,1513877 
22-Oct-2019,54.607,-0.002 ,1450336 
23-Oct-2019,54.783,0.004 ,1783531 
24-Oct-2019,54.734,0.004 ,2426692 
25-Oct-2019,55.053,0.005 ,4235620 
28-Oct-2019,55.032,-0.003 ,1464194 
29-Oct-2019,55.228,-0.000 ,1510421 
30-Oct-2019,55.002,-0.010 ,2351351 
31-Oct-2019,54.220,-0.013 ,2827605 
01-Nov-2019,54.087,-0.005 ,3088225 
04-Nov-2019,53.034,-0.015 ,3840544 
05-Nov-2019,53.559,0.008 ,3036286 
06-Nov-2019,53.679,0.004 ,2684846 
07-Nov-2019,54.514,0.013 ,3340465 
08-Nov-2019,54.303,0.002 ,1773150 
11-Nov-2019,54.826,0.011 ,2818260 
12-Nov-2019,55.288,0.010 ,3219212 
13-Nov-2019,54.176,-0.020 ,3275922 
14-Nov-2019,54.132,0.007 ,1906234 
15-Nov-2019,55.023,0.012 ,2651459 
18-Nov-2019,54.695,-0.004 ,1358914 
19-Nov-2019,55.057,0.004 ,2557115 
20-Nov-2019,54.144,-0.013 ,2972717 
21-Nov-2019,53.817,-0.003 ,3337094 
22-Nov-2019,54.017,0.003 ,3097801 
25-Nov-2019,54.141,0.004 ,2015514 
26-Nov-2019,54.798,0.011 ,4528389 
27-Nov-2019,55.345,0.012 ,4243299 
28-Nov-2019,55.227,-0.001 ,2655672 
29-Nov-2019,54.666,-0.010 ,4176189 
02-Dec-2019,55.511,0.008 ,2135334 
03-Dec-2019,54.316,-0.026 ,3917400 
04-Dec-2019,53.292,-0.019 ,5003594 
05-Dec-2019,53.721,0.010 ,3434240 
06-Dec-2019,54.013,0.005 ,2327383 
09-Dec-2019,54.071,0.003 ,1382702 
10-Dec-2019,53.948,-0.000 ,1450289 
11-Dec-2019,55.205,0.014 ,2438700 
12-Dec-2019,55.070,-0.007 ,1936584 
13-Dec-2019,55.041,0.004 ,2800098 
16-Dec-2019,56.077,0.017 ,3266776 
17-Dec-2019,56.102,0.005 ,2402263 
18-Dec-2019,56.118,0.000 ,3524114 
19-Dec-2019,56.263,-0.002 ,4093135 
20-Dec-2019,56.046,-0.006 ,7478049 
23-Dec-2019,55.957,-0.005 ,1317871 
24-Dec-2019,55.851,-0.002 ,783104 
27-Dec-2019,56.563,0.004 ,1159836 
30-Dec-2019,56.721,0.000 ,905155 
31-Dec-2019,56.098,-0.015 ,1766363 
02-Jan-2020,55.860,-0.000 ,1416232 
03-Jan-2020,55.824,0.005 ,1622784 
06-Jan-2020,55.352,-0.007 ,2129260 
07-Jan-2020,55.768,0.018 ,2417468 
08-Jan-2020,55.538,-0.004 ,1719114 
09-Jan-2020,55.878,0.007 ,3014295 
10-Jan-2020,56.933,0.012 ,2875353 
13-Jan-2020,56.936,-0.000 ,1434635 
14-Jan-2020,57.387,0.008 ,2703855 
15-Jan-2020,57.742,0.006 ,2039328 
16-Jan-2020,58.260,0.010 ,3058484 
17-Jan-2020,57.759,-0.005 ,2401336 
20-Jan-2020,57.677,-0.001 ,1948934 
21-Jan-2020,57.134,-0.005 ,1923944 
22-Jan-2020,57.798,0.012 ,3656698 
23-Jan-2020,57.862,0.001 ,2105704 
24-Jan-2020,57.997,0.005 ,2518402 
28-Jan-2020,56.814,-0.011 ,2235604 
29-Jan-2020,57.137,0.007 ,1877335 
30-Jan-2020,57.407,0.010 ,3176161 
31-Jan-2020,57.048,-0.002 ,6713764 
03-Feb-2020,56.573,-0.008 ,2139581 
04-Feb-2020,56.800,-0.003 ,2564013 
05-Feb-2020,56.172,-0.012 ,3166202 
06-Feb-2020,56.687,0.011 ,3581220 
07-Feb-2020,56.579,0.007 ,3368097 
10-Feb-2020,56.376,-0.006 ,1818742 
11-Feb-2020,56.872,0.005 ,1913033 
12-Feb-2020,59.407,0.041 ,7132862 
13-Feb-2020,59.609,0.006 ,4143011 
14-Feb-2020,61.081,0.025 ,7921519 
17-Feb-2020,60.054,-0.017 ,2619663 
18-Feb-2020,60.330,0.009 ,3817424 
19-Feb-2020,58.626,-0.027 ,8050978 
20-Feb-2020,58.113,0.000 ,2902590 
21-Feb-2020,58.848,0.011 ,2506023 
24-Feb-2020,58.109,-0.009 ,2432907 
25-Feb-2020,57.305,-0.014 ,3475833 
26-Feb-2020,55.845,-0.017 ,3362264 
27-Feb-2020,55.454,-0.011 ,4435151 
28-Feb-2020,53.231,-0.031 ,7654504 
02-Mar-2020,52.619,-0.016 ,4313319 
03-Mar-2020,52.070,-0.017 ,4537570 
04-Mar-2020,51.093,-0.025 ,4610814 
05-Mar-2020,50.755,-0.005 ,5804404 
06-Mar-2020,49.171,-0.037 ,4995332 
09-Mar-2020,45.542,-0.065 ,7669261 
10-Mar-2020,47.727,0.061 ,8874773 
11-Mar-2020,44.415,-0.066 ,8171997 
12-Mar-2020,39.343,-0.079 ,10247518 
13-Mar-2020,41.024,0.051 ,17021972 
16-Mar-2020,36.531,-0.100 ,10752353 
17-Mar-2020,40.571,0.133 ,11837629 
18-Mar-2020,36.906,-0.055 ,10404325 
19-Mar-2020,34.991,-0.047 ,10958660 
20-Mar-2020,34.736,-0.017 ,10756489 
23-Mar-2020,31.617,-0.094 ,10019723 
24-Mar-2020,33.955,0.050 ,6944322 
25-Mar-2020,37.178,0.095 ,7698259 
26-Mar-2020,37.469,-0.010 ,5841282 
27-Mar-2020,35.547,-0.067 ,12591507 
30-Mar-2020,39.470,0.109 ,5825869 
31-Mar-2020,37.927,-0.033 ,9250686 
01-Apr-2020,38.648,0.030 ,6392579 
02-Apr-2020,37.105,-0.038 ,8116112 
03-Apr-2020,36.036,-0.018 ,5466414 
06-Apr-2020,38.019,0.039 ,4575626 
07-Apr-2020,38.149,-0.010 ,6689173 
08-Apr-2020,37.238,-0.033 ,7488425 
09-Apr-2020,39.137,0.033 ,4265838 
14-Apr-2020,40.411,0.016 ,4179847 
15-Apr-2020,39.216,-0.011 ,4066531 
16-Apr-2020,38.765,-0.013 ,5129177 
17-Apr-2020,38.859,-0.003 ,3484591 
20-Apr-2020,37.934,-0.019 ,3866241 
21-Apr-2020,36.820,-0.021 ,4261494 
22-Apr-2020,37.464,0.011 ,4437856 
23-Apr-2020,37.469,-0.007 ,4443380 
24-Apr-2020,37.595,0.001 ,4408844 
27-Apr-2020,38.060,0.000 ,4215834 
28-Apr-2020,38.038,-0.005 ,4608913 
29-Apr-2020,40.031,0.042 ,3903547 
30-Apr-2020,40.811,0.027 ,5477696 
01-May-2020,37.763,-0.061 ,5231281 
04-May-2020,38.479,0.018 ,3294801 
05-May-2020,39.127,0.016 ,3800096 
06-May-2020,38.624,-0.008 ,2251545 
07-May-2020,38.484,-0.018 ,3227213 
08-May-2020,38.913,0.006 ,3732173 
11-May-2020,39.019,0.009 ,3138014 
12-May-2020,38.626,-0.007 ,3095215 
13-May-2020,39.273,0.019 ,4472151 
14-May-2020,38.055,-0.032 ,4440061 
15-May-2020,38.227,0.012 ,2541031 
18-May-2020,38.420,-0.012 ,2783661 
19-May-2020,38.987,0.013 ,3796234 
20-May-2020,39.628,0.007 ,2628015 
21-May-2020,38.760,-0.017 ,3701924 
22-May-2020,38.360,-0.006 ,3533352 
25-May-2020,38.603,0.005 ,3314489 
26-May-2020,40.777,0.039 ,6727131 
27-May-2020,42.567,0.049 ,10042101 
28-May-2020,43.612,0.022 ,5684569 
29-May-2020,42.496,-0.030 ,8073379 
01-Jun-2020,43.433,0.002 ,3070283 
02-Jun-2020,44.142,0.002 ,2100991 
03-Jun-2020,45.741,0.032 ,3553552 
04-Jun-2020,46.969,0.023 ,6606740 
05-Jun-2020,47.891,0.016 ,4428390 
09-Jun-2020,50.258,0.050 ,5346437 
10-Jun-2020,50.099,-0.008 ,3872247 
11-Jun-2020,46.909,-0.044 ,5573908 
12-Jun-2020,46.195,-0.016 ,6002755 
15-Jun-2020,45.866,-0.015 ,4090602 
16-Jun-2020,47.562,0.042 ,5425361 
17-Jun-2020,47.899,0.007 ,3893680 
18-Jun-2020,47.279,-0.008 ,6359929 
19-Jun-2020,46.922,-0.005 ,5999403 
22-Jun-2020,47.948,0.011 ,2314821 
23-Jun-2020,47.831,-0.006 ,2516618 
24-Jun-2020,47.582,0.003 ,2798594 
25-Jun-2020,46.577,-0.023 ,3633755 
26-Jun-2020,47.519,0.024 ,5935454 
29-Jun-2020,47.073,-0.010 ,2706964 
30-Jun-2020,47.914,0.012 ,4503164 
01-Jul-2020,48.315,0.007 ,2669469 
02-Jul-2020,49.215,0.017 ,4184511 
03-Jul-2020,49.648,0.007 ,2633309 
06-Jul-2020,49.801,-0.002 ,2432574 
07-Jul-2020,49.483,-0.003 ,3742188 
08-Jul-2020,49.265,-0.010 ,3698529 
09-Jul-2020,49.034,-0.002 ,2582172 
10-Jul-2020,49.074,0.003 ,2954790 
13-Jul-2020,50.044,0.021 ,3169882 
14-Jul-2020,50.024,-0.005 ,2788782 
15-Jul-2020,50.962,0.014 ,3427002 
16-Jul-2020,50.623,-0.001 ,3339604 
17-Jul-2020,50.784,-0.001 ,3329439 
20-Jul-2020,50.487,-0.008 ,1506664 
21-Jul-2020,53.046,0.034 ,3172653 
22-Jul-2020,52.914,-0.004 ,2723772 
23-Jul-2020,52.333,-0.005 ,2140148 
24-Jul-2020,51.752,-0.012 ,2473039 
27-Jul-2020,51.823,-0.005 ,1905993 
28-Jul-2020,51.681,-0.004 ,1907858 
29-Jul-2020,52.465,0.011 ,4074211 
30-Jul-2020,52.667,0.003 ,2916496 
31-Jul-2020,50.851,-0.028 ,4787087 
03-Aug-2020,49.811,-0.018 ,3299430 
04-Aug-2020,51.194,0.022 ,4177168 
05-Aug-2020,51.559,0.003 ,2914726 
06-Aug-2020,51.868,0.000 ,2237150 
07-Aug-2020,51.187,-0.003 ,2499015 
10-Aug-2020,52.888,0.034 ,3363578 
11-Aug-2020,53.351,0.010 ,4249396 
12-Aug-2020,53.242,-0.005 ,4403812 
13-Aug-2020,51.773,-0.026 ,5960634 
14-Aug-2020,51.459,-0.009 ,4061418 
17-Aug-2020,51.046,-0.014 ,3329741 
18-Aug-2020,51.027,-0.004 ,4601033 
19-Aug-2020,51.014,0.008 ,3711730 
20-Aug-2020,50.524,-0.011 ,4527699 
21-Aug-2020,49.862,-0.009 ,4129176 
24-Aug-2020,49.375,-0.010 ,2682292 
25-Aug-2020,50.682,0.022 ,3548162 
26-Aug-2020,50.364,-0.011 ,2667332 
27-Aug-2020,50.131,-0.008 ,3089720 
28-Aug-2020,50.892,0.000 ,3290137 
31-Aug-2020,50.357,-0.012 ,2630027 
01-Sep-2020,49.231,-0.022 ,4125905 
02-Sep-2020,49.612,0.012 ,2427562 
03-Sep-2020,49.580,0.008 ,2379411 
04-Sep-2020,48.573,-0.021 ,2884072 
07-Sep-2020,49.005,0.010 ,2350246 
08-Sep-2020,49.409,0.017 ,2062956 
09-Sep-2020,48.636,-0.025 ,3026643 
10-Sep-2020,48.412,-0.001 ,2969184 
11-Sep-2020,47.922,-0.014 ,2996930 
